turn,trajectory_id,ablation_mode,student_input,final_response,problem_solved,reflection_count,next_agent,emotion,verif_parseable,verif_error_type,verif_problem_solved,verif_answer,orchestrator_instruction,error_detection,math_guidance,premature_answer,state_regression,meta_timing,notes
1,average_01_run1,multi,How can I solve the following question 8 - 2 * 3 + 4?,Which operation should you perform first in 8 - 2 * 3 + 4?,False,0,,confused,False,,False,,"Before calculating the final result, identify which operation must be performed first according to the order of operations (PEMDAS/BODMAS) in the expression 8 - 2 * 3 + 4.",,,,,,
2,average_01_run1,multi,"I start from the left, 8 - 2 = 6, then multiply","You applied left-to-right evaluation, but which operation should actually take priority before subtraction in this expression?",False,0,,confused,False,,False,,"You mentioned starting from the left with 8 - 2 = 6, but in the expression 8 - 2 * 3 + 4, multiplication must be performed before subtraction according to the order of operations. Can you identify which operation should actually be done first?",,,,,,
3,average_01_run1,multi,Why it’s not correct?,"You applied left-to-right evaluation, but which operation in 8 - 2 * 3 + 4 must actually take priority before subtraction according to the rules of precedence?",False,0,,frustrated,False,,False,,"The student incorrectly applied left-to-right evaluation, ignoring the order of operations. They calculated 8 - 2 first, which is a conceptual error. You must guide them to identify that multiplication (2 * 3) takes priority over subtraction and addition. Do not solve the problem for them; ask specifically which operation should be performed first according to the standard rules (PEMDAS/BODMAS).",,,,,,
4,average_01_run1,multi,"You mean to start from the multiplication? In that case, 2 * 3 = 6","Great, now that you have 6, what does the full expression 8 - 6 + 4 equal when you solve it from left to right?",False,0,,confused,False,,False,,"Great, you correctly identified that multiplication takes precedence and calculated 2 * 3 = 6. Now, substitute this result back into the original expression to see what remains. What is the new expression you need to solve?",,,,,,
5,average_01_run1,multi,"So then from left to right, meaning 8 - 6 first","Yes, 8 minus 6 is 2, so what do you get when you add 4 to that result?",False,0,,confused,False,,False,,"You are correct that 8 - 6 is the next step. Please calculate the result of 8 - 6, and then explain what you need to do with that result and the remaining + 4 to find the final answer.",,,,,,
6,average_01_run1,multi,8 - 6 = 2,"You found 2, but what is the final result when you add the remaining 4 to it?",False,0,,confused,False,,False,,"You correctly calculated 2 * 3 = 6 and then 8 - 6 = 2. Now, looking at the remaining part of the original expression 8 - 6 + 4, what is the final result when you add 4 to your current result of 2?",,,,,,
7,average_01_run1,multi,"2 + 4 = 6, the final answer is 6",You correctly found the final answer is 6. Can you now explain why multiplication had to be done before the subtraction in the original expression?,False,0,,confused,False,,False,,"You have correctly calculated the intermediate steps: 2 * 3 = 6, then 8 - 6 = 2, and finally 2 + 4 = 6. However, let's verify the final result against the original expression 8 - 2 * 3 + 4. Does the order of operations (multiplication before addition/subtraction) lead to a different result than 6? Please re-evaluate the entire expression step-by-step to confirm if 6 is the correct final answer.",,,,,,
8,average_01_run1,multi,"I shouldn’t start from left to right, I have to multiply first instead.",You are right that multiplication comes first in the original expression. Can you now confirm that 8 - 2 * 3 + 4 equals 6?,True,1,,confused,False,,False,,"The student has correctly identified the order of operations (multiplication before addition/subtraction) and successfully calculated the final result of 6. Since the problem is solved and this is the first reflection opportunity, prompt the student to reflect on why the order of operations rule exists and how it prevents ambiguity in mathematical expressions.",,,,,,
9,average_01_run1,multi,So I start from 2 * 3 in this case.,"Yes, starting with 2 times 3 is correct. Can you now confirm that the full expression 8 minus 2 times 3 plus 4 equals 6?",True,2,,confused,False,,False,,"You have correctly identified that multiplication must be performed first. Since you have already calculated 2 * 3 = 6 and substituted it back into the expression to get 8 - 6 + 4, and then correctly solved 8 - 6 = 2 and 2 + 4 = 6, your final answer of 6 is correct. Reflect on why the order of operations (PEMDAS/BODMAS) was crucial here: what would the result have been if you had simply calculated from left to right (8 - 2 first)?",,,,,,
1,average_02_run1,multi,How do I solve 3/4 - 1/6?,"To subtract these fractions, what is the smallest number that both 4 and 6 divide into evenly?",False,0,,confused,False,,False,,"To solve 3/4 - 1/6, the first step is to find a common denominator for the two fractions. What is the least common multiple of 4 and 6?",,,,,,
2,average_02_run1,multi,So I need to calculate (3 - 1) / (4 - 6) = -1,Subtracting the denominators like that doesn't work; what is the smallest number that both 4 and 6 divide into evenly?,False,0,,confused,False,,False,,"The approach of subtracting the numerators and denominators separately ((3-1)/(4-6)) is incorrect for fraction subtraction. You cannot simply subtract the bottom numbers. Instead, recall the question we just asked: what is the smallest number that both 4 and 6 divide into evenly? We need to find this common denominator first before we can subtract the fractions.",,,,,,
3,average_02_run1,multi,"I’m not sure, is 16 their common denominator?","No, 16 doesn't work because 6 doesn't divide into it evenly. Can you list the first few multiples of 4 and 6 to find the smallest number they share?",False,0,,confused,False,,False,,"The student incorrectly identified 16 as the common denominator and previously attempted to subtract denominators directly. First, clarify that 16 is not a common multiple of 4 and 6. Guide the student to list multiples of 4 (4, 8, 12, 16...) and 6 (6, 12, 18...) to identify the smallest common number, which is 12. Do not proceed to convert the fractions until the correct common denominator of 12 is established.",,,,,,
4,average_02_run1,multi,Would 12 work?,"Yes, 12 works. What factor do you need to multiply the top and bottom of 3/4 by to get a denominator of 12?",False,0,,confident,False,,False,,"Yes, 12 is the correct least common denominator. Now, to subtract 3/4 and 1/6 using this denominator, you need to convert each fraction. What number do you multiply the numerator and denominator of 3/4 by to get a denominator of 12? Do the same for 1/6.",,,,,,
5,average_02_run1,multi,3/4 = 3/4 * 3/3 = 9/12,"You converted 3/4 correctly, but what factor do you need to multiply the top and bottom of 1/6 by to get a denominator of 12?",False,0,,confused,False,,False,,"You have correctly converted 3/4 to 9/12. Now, apply the same logic to the second fraction, 1/6. What factor do you need to multiply the top and bottom of 1/6 by to get a denominator of 12, and what does the fraction become?",,,,,,
6,average_02_run1,multi,1/6 = 1/6 * 2/2 = 2/12,"Now that both fractions have a denominator of 12, what is the result when you subtract the new numerators?",False,0,,confused,False,,False,,"Now that both fractions have been converted to have the common denominator of 12 (9/12 and 2/12), what is the result of subtracting the numerators (9 - 2) while keeping the denominator the same?",,,,,,
7,average_02_run1,multi,"I only need to subtract the numerator, that is 9/12 - 2/12 = (9 - 2)/12, the final answer is 7/12","Great job finding the common denominator and setting up the subtraction. Since you already calculated 9 minus 2, what is the final answer to the original problem?",True,1,,confused,False,,False,,"You have correctly identified the common denominator (12) and converted both fractions (9/12 and 2/12). You also correctly subtracted the numerators (9 - 2 = 7). Since the result 7/12 cannot be simplified further, your final answer is correct. Well done!",,,,,,
8,average_02_run1,multi,The fractions needs to have common denominator in order to subtract the numerators. ,"You correctly found the common denominator, so what is the result when you subtract the new numerators 9 and 2?",True,2,,confused,False,,False,,"The student has correctly identified the need for a common denominator and successfully converted both fractions (3/4 to 9/12 and 1/6 to 2/12). They also correctly performed the subtraction of the numerators (9 - 2 = 7) to arrive at 7/12. However, their latest response repeats the general rule about common denominators rather than stating the final numerical answer. Since the calculation is complete and correct, the student needs to reflect on why they are hesitating to state the final answer despite having done all the necessary steps. The goal is to help them recognize that the problem is solved and they just need to confirm the result.",,,,,,
9,average_02_run1,multi,Common denominator should be a number which can be divided by both denominators.,Great job! You solved it. Want to try another problem?,True,2,,confused,False,,False,,Session complete after 2 reflections.,,,,,,
1,average_03_run1,multi,How do I solve -3^2 + (-2)^3?,"Do you notice that -3^2 means the opposite of 3 squared, while (-2)^3 means negative 2 cubed? How does this difference change the final sum?",False,0,,confused,False,,False,,"Let's break down the expression -3^2 + (-2)^3 step by step. First, focus on the term -3^2. Remember the order of operations: exponentiation happens before the negative sign (which acts as multiplication by -1). Does -3^2 mean (-3) * (-3) or -(3 * 3)?",,,,,,
2,average_03_run1,multi,"I’m not entirely sure, (-2)^3 = -8?","You correctly found that (-2)^3 is -8, but what is the value of -3^2 before you add them together?",False,0,,confused,False,,False,,"You are correct that (-2)^3 equals -8. Now, let's look at the first part of the expression: -3^2. Remember the order of operations: exponentiation happens before the negative sign (which acts as multiplication by -1). So, -3^2 is calculated as -(3*3), not (-3)*(-3). What is the value of -3^2?",,,,,,
3,average_03_run1,multi,"Then -3^2 = 9, 9 - 8 = 1","You treated -3^2 as (-3)^2, but without parentheses the exponent applies only to the 3, making it -9. How does changing that first term to -9 affect your final sum?",False,0,,confused,False,,False,,"The student incorrectly calculated -3^2 as 9. In the expression -3^2, the exponent applies only to the 3, not the negative sign, because there are no parentheses around -3. This means -3^2 is actually -(3^2) = -9, not 9. Please guide the student to recalculate -3^2 correctly and then re-evaluate the final sum with the correct value.",,,,,,
4,average_03_run1,multi,Negative? But the -3 is squared,"If the negative sign isn't inside parentheses, does the exponent apply only to the 3, making the first term -9 instead of 9?",False,0,,confused,False,,False,,"Clarify the order of operations: In the expression -3^2, the exponent applies only to the 3, not the negative sign, because there are no parentheses around -3. This means -3^2 is calculated as -(3^2) = -9, not (-3)^2 = 9. Now, using -9 for the first term and -8 for the second term, what is the final sum?",,,,,,
5,average_03_run1,multi,"I see, since the negative is outside the square, -3^2 = -9","Now that you have -9 and -8, what is the final sum when you add them together?",False,0,,confused,False,,False,,"Now that you have correctly identified that -3^2 equals -9 and (-2)^3 equals -8, please combine these two values to find the final sum of the expression.",,,,,,
6,average_03_run1,multi,"Then calculate -9 + -8, so the answer is -17",You have correctly identified the values -9 and -8; what is the final sum when you add them together?,True,1,,confused,False,,False,,,,,,,,
7,average_03_run1,multi,"Yes, the final answer should be -17 instead of 1",You have correctly identified the values -9 and -8; what is the final sum when you add them together?,True,2,,confused,False,,False,,"The student has correctly identified the values -9 and -8 and calculated the sum as -17. Since the problem is solved and this is the first reflection step (count=1), guide the student to reflect on the key conceptual distinction between -3^2 and (-3)^2 that led to the correct answer.",,,,,,
8,average_03_run1,multi,I have to watch out for the negatives that are outside the square,Great job! You solved it. Want to try another problem?,True,2,,confused,False,,False,,Session complete after 2 reflections.,,,,,,
1,average_04_run1,multi,I need help with the following question: 2/3 * x = 10,"To isolate x, what operation should you perform on both sides to undo the multiplication by 2/3?",False,0,,confused,False,,False,,"The student has just presented the equation 2/3 * x = 10 and has not yet performed any steps. Since the goal is to clarify the multiplication concept, guide the student to identify the operation being performed on x (multiplication by 2/3) and ask what inverse operation is needed to isolate x. Do not solve for x yet; focus on setting up the correct step to undo the multiplication.",,,,,,
2,average_04_run1,multi,"To cancel 2/3, I multiply 2/3 on both sides of the equation: x = 10 * 2/3 = 20/3",Multiplying by the same fraction doesn't isolate x; what number do you multiply 2/3 by to get 1?,False,0,,confused,False,,False,,"You made a conceptual error in the step to isolate x. To undo multiplication by 2/3, you must multiply by the reciprocal (3/2), not the fraction itself (2/3). Multiplying by 2/3 on both sides would result in (4/9)x = 20/3, which does not isolate x. Please correct the operation you perform on both sides to isolate x.",,,,,,
3,average_04_run1,multi,No? What is a reciprocal?,"A reciprocal is a fraction flipped upside down, like turning 2/3 into 3/2. Can you identify the reciprocal of 2/3 so we can use it to isolate x?",False,0,,confused,False,,False,,"The student is asking for a definition of a reciprocal. Explain that a reciprocal is simply 1 divided by a number (or flipping the fraction upside down). Clarify that to undo multiplying by 2/3, we must multiply by its reciprocal, which is 3/2, not 2/3. Ask the student to identify the reciprocal of 2/3.",,,,,,
4,average_04_run1,multi,So the reciprocal of 2/3 is 3/2,"Great, now what happens when you multiply both sides of the original equation by 3/2?",False,0,,confident,False,,False,,"Great job identifying the reciprocal! Now, to isolate x, you need to multiply both sides of the equation 2/3 * x = 10 by this reciprocal (3/2). What is the result of multiplying the left side (2/3 * x) by 3/2, and what is the result of multiplying the right side (10) by 3/2?",,,,,,
5,average_04_run1,multi,"If I multiply 3/2 on both sides of the equation, I’ll get x = 10 * 3/2","You have the right setup, but what is the final value when you multiply 10 by 3 and then divide by 2?",False,0,,confused,False,,False,,"You have correctly identified the operation and set up the equation x = 10 * 3/2. Now, perform the multiplication to find the final value of x. Remember to multiply the whole number 10 by the numerator 3, and keep the denominator 2.",,,,,,
6,average_04_run1,multi,"x = 15, the final answer is 15",Great job finding the answer! Can you explain how multiplying 10 by 3 and then dividing by 2 leads to 15?,True,1,,confident,False,,False,,"The student has correctly identified the reciprocal (3/2) and set up the multiplication (10 * 3/2). They calculated the result as 15. Verify this calculation: 10 * 3 = 30, and 30 / 2 = 15. Since the calculation is correct and matches the setup, the problem is solved. Trigger a reflection on the method used (multiplying by the reciprocal) to solidify the concept.",,,,,,
7,average_04_run1,multi,"To cancel a fraction factor, I have to multiply its reciprocal.","You correctly identified the reciprocal, but what is the final number when you multiply 10 by 3 and then divide by 2?",True,2,,confused,False,,False,,"The student has correctly identified the method (multiplying by the reciprocal) and the correct final answer (15). However, their latest statement ('To cancel a fraction factor, I have to multiply its reciprocal') is a restatement of the *method* rather than an explanation of the *calculation* requested in the previous turn ('how multiplying 10 by 3 and then dividing by 2 leads to 15'). The student seems to have skipped the arithmetic verification step in their explanation. The next step is to prompt the student to explicitly walk through the arithmetic: 10 * 3 = 30, and 30 / 2 = 15, to confirm they understand the numerical flow, not just the algebraic rule.",,,,,,
8,average_04_run1,multi,15 is the right answer and 20/3 is incorrect,Great job! You solved it. Want to try another problem?,True,2,,confident,False,,False,,Session complete after 2 reflections.,,,,,,
1,average_05_run1,multi,Could you help me solve the following question: 15 - 3y = 27?,"To isolate the term with y, what happens if you subtract 15 from both sides of the equation?",False,0,,confused,False,,False,,The student has just presented the equation 15 - 3y = 27. No steps have been taken yet. Guide the student to isolate the variable term by subtracting 15 from both sides of the equation. Ask them to write down the resulting equation.,,,,,,
2,average_05_run1,multi,"I subtract 15 on the both sides of the equation, and I’ll get 15 - 3y + 15 = 27 + 15","You added 15 instead of subtracting it, so what should the left side actually become?",False,0,,confused,False,,False,,"You are on the right track trying to isolate the term with y, but there is a sign error in your setup. When you subtract 15 from the left side (15 - 3y), you must perform 15 - 15, not add 15. Please rewrite the left side of the equation correctly: what is 15 - 15 - 3y?",,,,,,
3,average_05_run1,multi,"Let me check, you are right, I made a mistake, 15 - 3y -15 = 27 - 15","You correctly set up the subtraction, but what does the left side simplify to once the 15 and -15 cancel out?",False,0,,confused,False,,False,,"You correctly identified that you need to subtract 15 from both sides. Now, look at the left side of your equation: 15 - 3y - 15. Since 15 and -15 cancel each other out, what term remains on the left side? Also, calculate the result of 27 - 15 on the right side.",,,,,,
4,average_05_run1,multi,Then it will be -3y = 12,"You are close, but what operation must you perform on both sides to isolate y from -3y = 12?",False,0,,confused,False,,False,,"The student has correctly simplified the equation to -3y = 12. Do not ask them to re-derive this step. Instead, guide them to isolate y by determining what operation is needed to remove the coefficient -3 from the variable y.",,,,,,
5,average_05_run1,multi,"Then I divide -3 on the both sides, y = 12/3, the final answer is 4",You divided by -3 but wrote 12/3; what is the correct result when you divide 12 by a negative number?,False,0,,confused,False,,False,,"You correctly identified that you need to divide by -3, but check the signs in your final calculation. You wrote y = 12/3, but you are dividing 12 by -3. What is the result of 12 divided by -3?",,,,,,
6,average_05_run1,multi,"Ah, the negative sign, the final answer is -4",Great catch on the sign! Can you now verify this solution by substituting -4 back into the original equation to confirm it holds true?,True,1,,confident,False,,False,,,,,,,,
7,average_05_run1,multi,I should subtract 15 from the both sides instead of addition,"You've already solved for y, so instead of subtracting 15 again, what happens when you plug -4 back into the original equation to check if it works?",True,2,,confused,False,,False,,"You have already correctly solved the equation and found y = -4. Your latest statement suggests you want to go back to the subtraction step, but that step was already completed correctly. Instead of re-doing the subtraction, please verify your final answer by substituting y = -4 back into the original equation 15 - 3y = 27 to confirm it is true.",,,,,,
8,average_05_run1,multi,I have to pay attention to the negative signs during calculations.,Great job! You solved it. Want to try another problem?,True,2,,confused,False,,False,,Session complete after 2 reflections.,,,,,,
1,average_06_run1,multi,How can I simplify 1/2 + 3/5 / 9/10 - 1/3?,"Before adding or subtracting, which operation should you perform first in this expression?",False,0,,confused,False,,False,,"Let's start by identifying the order of operations in the expression 1/2 + 3/5 / 9/10 - 1/3. According to PEMDAS, division must be performed before addition and subtraction. Which part of the expression should we calculate first?",,,,,,
2,average_06_run1,multi,"I’ll calculate from left to right, 1/2 + 3/5 = 5/10 + 6/10 = 11/10","You added first, but division must come before addition in this expression. What is the result of 3/5 divided by 9/10?",False,0,,confused,False,,False,,"You have correctly calculated the sum of 1/2 and 3/5 as 11/10, but you made a critical error in the order of operations. In the expression 1/2 + 3/5 / 9/10 - 1/3, division must be performed before addition and subtraction. You should not have added 1/2 and 3/5 first. Instead, identify the division part (3/5 divided by 9/10) and calculate that result first. What is the value of 3/5 ÷ 9/10?",,,,,,
3,average_06_run1,multi,"No? I see, so instead I need to calculate 3/5 / 9/10 first. Could you give me a hint?",Try rewriting the division as multiplication by flipping the second fraction. What does 3/5 divided by 9/10 become when you apply this rule?,False,0,,confused,False,,False,,"To divide fractions, remember the rule: keep the first fraction, change division to multiplication, and flip the second fraction (the divisor). Apply this to 3/5 ÷ 9/10. What does the expression look like after you rewrite the division as multiplication?",,,,,,
4,average_06_run1,multi,"Okay, reciprocal, 3/5 / 9/10 = 3/5 * 10/9 = 30/45","You correctly set up the multiplication, but 30/45 isn't in its simplest form yet. What is the greatest common divisor you can use to reduce this fraction?",False,0,,confused,False,,False,,"You correctly converted the division into multiplication and found the product 30/45. Before moving on to the addition and subtraction in the full expression, simplify the fraction 30/45 to its lowest terms. What is the simplified result?",,,,,,
5,average_06_run1,multi,Why I have to simplify before the next operation?,Simplifying now makes the final addition and subtraction much easier to calculate. Can you find the greatest common divisor of 30 and 45 to reduce this fraction?,False,0,,confused,False,,False,,"Simplifying fractions like 30/45 before moving to the next operation (addition or subtraction) is crucial because it keeps the numbers smaller and easier to work with, reducing the chance of calculation errors. Since you have 30/45, what is the greatest common divisor of 30 and 45, and what does the fraction become when you divide both the numerator and denominator by that number?",,,,,,
6,average_06_run1,multi,"30/45 = 2/3, so it becomes 1/2 + 2/3 - 1/3","You have simplified the division correctly, but what is the result when you subtract 1/3 from 2/3 before adding 1/2?",False,0,,confused,False,,False,,"You have correctly simplified the division part to 2/3, resulting in the expression 1/2 + 2/3 - 1/3. Now, look at the addition and subtraction parts: 2/3 - 1/3. Can you calculate this difference first to simplify the expression further before adding 1/2?",,,,,,
7,average_06_run1,multi,The common denominator for 2 and 3 is 6,"Since 2/3 and 1/3 already share a denominator, what is the result of subtracting them before you find a common denominator for the final addition?",False,0,,confused,False,,False,,"You correctly identified that the common denominator for 2 and 3 is 6, but remember the expression is 1/2 + 2/3 - 1/3. Since 2/3 and 1/3 already share a denominator, you can subtract them first to simplify the expression before finding the common denominator for the remaining addition. What is 2/3 minus 1/3?",,,,,,
8,average_06_run1,multi,1/2 + 2/3 - 1/3 = 3/6 + 4/6 - 2/6 = (3 + 4 - 2)/6,"You have set up the single fraction correctly, but what is the final value of 3 + 4 - 2 in the numerator?",False,0,,confused,False,,False,,"You have correctly converted the fractions to a common denominator of 6 and set up the expression as (3 + 4 - 2)/6. Now, perform the addition and subtraction in the numerator to find the final single fraction.",,,,,,
9,average_06_run1,multi,"3 + 4 - 2 = 5, hence the answer is 5/6","You found the numerator is 5, but did you double-check the subtraction of 2 from 7 before adding 1/2?",False,0,,confused,False,,False,,"You have correctly set up the expression as (3 + 4 - 2)/6, but your calculation of the numerator is incorrect. Please re-calculate 3 + 4 - 2 carefully. What is the correct sum?",,,,,,
10,average_06_run1,multi,I have to do the division instead of calculating from left to right. ,You are right that division comes first; can you now calculate 3/5 divided by 9/10 to find the single fraction that replaces the middle term?,False,0,,confused,False,,False,,"You are correct that division takes precedence over addition and subtraction. Let's re-verify the calculation of the division part first: What is the result of (3/5) divided by (9/10)? Once you have that single fraction, we will proceed to subtract 1/3 from it, and finally add 1/2.",,,,,,
11,average_06_run1,multi,5/6 is the right answer to the question.,You jumped to the final answer without calculating the middle term 3/5 divided by 9/10. Can you show me the result of that specific division before we confirm the total?,False,0,,confident,False,,False,,"You have correctly identified that division must be performed before addition or subtraction. However, you have not yet calculated the result of that division step (3/5 ÷ 9/10). Please calculate 3/5 divided by 9/10 to find the single fraction that replaces the middle term of the expression. Do not combine this with the other numbers yet; just find the value of the division part.",,,,,,
1,average_07_run1,multi,How can I simplify (1 + 1/2) / (1 - 3/4)? ,Try rewriting the whole number 1 as a fraction with the same denominator as the other term in the numerator. What would that look like for the top part of your expression?,False,0,,confused,False,,False,,"Let's start by simplifying the numerator and the denominator separately. First, how would you rewrite 1 + 1/2 as a single fraction?",,,,,,
2,average_07_run1,multi,"I can cancel 1s on the both sides, and get 1/2 / 3/4","You can't cancel the 1s because they are being added and subtracted, not multiplied. How would you rewrite the 1s in both the top and bottom as fractions to match the other denominators?",False,0,,confused,False,,False,,"The student attempted to simplify (1 + 1/2) / (1 - 3/4) by 'canceling 1s' to get 1/2 / 3/4. This is a fundamental conceptual error: you cannot cancel terms that are being added or subtracted (like the 1s in the numerator and denominator) in the same way you cancel factors in multiplication. The 1s are part of sums, not factors. Please guide the student to correctly rewrite the whole number 1 as a fraction with a common denominator for both the numerator (1 + 1/2) and the denominator (1 - 3/4) separately, without canceling the 1s.",,,,,,
3,average_07_run1,multi,1s cannot be cancelled. I see. Then 1 + 1/2 = 2/2 + 1/2 = 3/2,"You correctly simplified the numerator to 3/2. Now, how would you rewrite the 1 in the denominator as a fraction with a denominator of 4 to subtract 3/4?",False,0,,confused,False,,False,,"Great job correctly simplifying the numerator to 3/2. Now, apply the same logic to the denominator: rewrite the whole number 1 as a fraction with the same denominator as 3/4, then perform the subtraction. What does the denominator become?",,,,,,
4,average_07_run1,multi,1 - 3/4 = 4/4 - 3/4 = 1/4,"You have both parts simplified, but remember the original problem asks you to divide the top result by the bottom one. How would you turn that division into a multiplication to find the final answer?",False,0,,confused,False,,False,,"You have correctly simplified the numerator to 3/2 and the denominator to 1/4. Now, combine these results to form the final division expression: (3/2) ÷ (1/4). How do you perform division of fractions?",,,,,,
5,average_07_run1,multi,"Then I get 3/2 / 1/4, the common denominator is 4","You found the common denominator for adding, but how do you turn this division into multiplication to solve it?",False,0,,confused,False,,False,,"You have correctly simplified the numerator to 3/2 and the denominator to 1/4, resulting in the expression (3/2) / (1/4). You mentioned the common denominator is 4, but that concept applies to adding or subtracting fractions, not dividing them. To solve this division problem, recall the rule for dividing by a fraction: multiply by its reciprocal. What is the reciprocal of 1/4, and how would you set up the multiplication problem?",,,,,,
6,average_07_run1,multi,"Ah, I see. Not common denominator, but to find out the reciprocal","Great, now that you know to use the reciprocal, how would you rewrite 3/2 divided by 1/4 as a multiplication problem?",False,0,,confused,False,,False,,"You are on the right track by identifying the need for a reciprocal. Now, apply the rule for dividing fractions: to divide by a fraction, you multiply by its reciprocal. Specifically, take the expression 3/2 divided by 1/4, flip the second fraction (1/4) to become 4/1, and rewrite the problem as a multiplication: 3/2 * 4/1. Do not calculate the final number yet, just set up the multiplication.",,,,,,
7,average_07_run1,multi,The reciprocal of 1/4 is 4/1,"Great, now how would you rewrite the entire expression 3/2 divided by 1/4 as a multiplication problem using that reciprocal?",False,0,,confused,False,,False,,"You correctly identified that the reciprocal of 1/4 is 4/1. Now, apply this to the division problem: rewrite 3/2 divided by 1/4 as a multiplication problem using the reciprocal you just found. What is the new expression?",,,,,,
8,average_07_run1,multi,"3/2 / 1/4 = 3/2 * 4/1 = 6, the answer is 6","You correctly found the reciprocal, but did you actually multiply 3/2 by 4/1 to get the final answer?",False,1,,confused,False,,False,,"The student has correctly simplified the numerator to 3/2 and the denominator to 1/4, and correctly applied the rule of multiplying by the reciprocal (3/2 * 4/1). However, the final arithmetic calculation (3/2 * 4/1) resulting in 6 is incorrect. The student needs to reflect on the multiplication of fractions: (3 * 4) / (2 * 1). Ask the student to re-calculate the numerator and denominator of the product to find the correct final value.",,,,,,
9,average_07_run1,multi,"2/3 is not the correct answer to this question, 6 is the correct answer","You are right that the final answer is 6, but can you show how the original expression (1 + 1/2) divided by (1 - 3/4) simplifies to 3/2 divided by 1/4?",False,1,,confused,False,,False,,"You correctly identified that the answer is 6 and that the operation involves multiplying 3/2 by 4/1. However, you previously stated the answer was 2/3, which is the reciprocal of the correct result. Let's verify the final multiplication step: When you multiply 3/2 by 4/1, you multiply the numerators (3 * 4) and the denominators (2 * 1). What is the result of 3 * 4 and 2 * 1, and what fraction does that form?",,,,,,
10,average_07_run1,multi,The 1s inside the parentheses cannot be cancelled. The calculations instead the parentheses should start first. ,You're right that we must calculate inside the parentheses first. Can you tell me the specific value of the numerator (1 + 1/2) and the denominator (1 - 3/4) separately?,False,1,,confused,False,,False,,"You are correct that the 1s cannot be cancelled and that operations inside parentheses must be performed first. Since you have identified this rule, please proceed to calculate the value of the numerator (1 + 1/2) and the denominator (1 - 3/4) separately. What are the results of these two calculations?",,,,,,
1,average_08_run1,multi,How do I solve (a + 4)/3 - (a - 2)/2 = 1?,"To clear the fractions, what number could you multiply every term in the equation by?",False,0,,confused,False,,False,,"To solve this equation, the first step is to eliminate the fractions by finding the least common denominator (LCD) for 3 and 2. What is the LCD, and how would you multiply every term in the equation by this number to clear the denominators?",,,,,,
2,average_08_run1,multi,"I start from finding a common denominator, the least common denominator is 6","Great, you found the LCD is 6. Now, what equation do you get when you multiply every term in the original problem by 6?",False,0,,confused,False,,False,,"Great, you correctly identified the least common denominator as 6. Now, to clear the fractions, you need to multiply every single term in the equation by 6. Please write out the new equation you get after multiplying the left side terms ((a + 4)/3 and -(a - 2)/2) and the right side (1) by 6. Be careful to distribute the 6 to both the numerator and the denominator correctly, and remember to keep the subtraction sign between the two new terms.",,,,,,
3,average_08_run1,multi,(a + 4)/3 = (a + 4)/3 * 2/2 = 2(a + 4)/6,"You correctly rewrote the first term, but what happens when you multiply the second term and the 1 by 6 as well?",False,0,,confused,False,,False,,"You correctly identified the LCD as 6 and started converting the first term. However, you stopped after rewriting the first term and did not apply the multiplication by 6 to the rest of the equation. Remember, you must multiply EVERY term on both sides of the equation by 6. Please write out the full new equation after multiplying the second term, (a - 2)/2, and the constant, 1, by 6 as well.",,,,,,
4,average_08_run1,multi,"Distributing 2 into the parentheses, I get (2a + 8)/6","You've handled the first term, but what happens when you multiply the second term -(a-2)/2 and the 1 by 6 as well?",False,0,,confused,False,,False,,"You correctly identified the LCD as 6 and started rewriting the first term. However, there are two issues in your current step: 1) You only transformed the first term (a+4)/3 into (2a+8)/6, but you must also multiply the second term -(a-2)/2 and the right side (1) by 6. 2) When you multiply the second term by 6, you get -3(a-2)/6, not (2a+8)/6. Please rewrite the entire equation after multiplying every term by 6, ensuring you include all three parts: the first term, the second term, and the right side.",,,,,,
5,average_08_run1,multi,"Similarly, (a - 2)/2 = (a - 2)/2 * 3/3 = 3(a - 2)/6 = (3a - 6)/6","You've rewritten the fractions with a common denominator, but remember we need to multiply every term by 6 to eliminate them. What does the full equation look like after multiplying the first term, the second term, and the 1 on the right side by 6?",False,0,,confused,False,,False,,"You have correctly rewritten both fractional terms with the common denominator of 6. Now, apply the multiplication by 6 to the entire equation: multiply the first term, the second term (including the negative sign), and the constant 1 on the right side by 6. Write out the resulting equation without the denominators.",,,,,,
6,average_08_run1,multi,The equation can be written as (2a + 8)/6 - (3a - 6)/6 = 1,"You have the fractions over a common denominator, but what happens when you multiply every single term in that equation by 6 to eliminate them?",False,0,,confused,False,,False,,"You have correctly rewritten the fractions with a common denominator, but you have not yet completed the step of multiplying every term by 6 to eliminate the denominators. The equation (2a + 8)/6 - (3a - 6)/6 = 1 still has fractions. If you multiply the entire equation by 6, what does the equation look like without any denominators?",,,,,,
7,average_08_run1,multi,"As the common denominator is 6, the equation can be written as 2a + 8 - 3a - 6 = 1","Did you remember to distribute the negative sign to both terms in the numerator, changing -6 to +6? Also, what should the right side of the equation become after multiplying 1 by 6?",False,0,,confused,False,,False,,"You have correctly identified the common denominator as 6 and multiplied the terms to clear the fractions. However, look closely at the second term: you wrote '- 3a - 6'. When you distribute the negative sign (from the subtraction of the fraction) to the numerator (3a - 6), what should the signs of the resulting terms be? Please rewrite the left side of the equation with the correct signs before combining like terms.",,,,,,
8,average_08_run1,multi,"1 is not a fraction, why it has to be 6 instead?","Even though 1 isn't a fraction, multiplying the entire equation by 6 means you must multiply that 1 by 6 as well. What does 1 times 6 equal, and how does that change the right side of your equation?",False,0,,confused,False,,False,,"The student is confused about why the '1' on the right side of the equation becomes '6'. Clarify that to maintain equality, every single term in the equation must be multiplied by the same number (6). Since the original equation is [Left Side] = 1, multiplying both sides by 6 means the right side becomes 1 * 6. Ask the student to explicitly write out the multiplication for the right side: 1 * 6 = ? and then rewrite the full equation with the correct right-hand side value.",,,,,,
9,average_08_run1,multi,"I see, in that case, 2a + 8 - 3a - 6 = 6","You correctly multiplied the right side by 6, but did you remember to distribute the negative sign to both terms in the second numerator? Please rewrite the left side with the correct signs and then combine the like terms.",False,0,,confused,False,,False,,"You correctly multiplied the right side by 6 to get 6, but there is a sign error in the second term on the left side. When you distribute the negative sign to the numerator (a - 2), it becomes -(a - 2) = -a + 2. After multiplying by 6, the term should be -3(a - 2) = -3a + 6, not -3a - 6. Please rewrite the equation with the correct signs for the left side.",,,,,,
10,average_08_run1,multi,"You are right, I forgot the negative, so 2a + 8 - 3a + 6 = 6","You fixed the signs, but what happens when you combine the a terms and the numbers on the left side to simplify the equation?",False,0,,frustrated,False,,False,,"You have correctly corrected the signs and arrived at the equation 2a + 8 - 3a + 6 = 6. Now, please combine the like terms on the left side (the 'a' terms and the constant numbers) to simplify the equation further.",,,,,,
11,average_08_run1,multi,"I calculate a terms first, -a + 8 + 6 = 6","You found the -a term, but what do 8 and 6 add up to on the left side?",False,0,,confused,False,,False,,"You have correctly identified the 'a' term as -a, but you stopped before finishing the simplification. You still need to combine the constant numbers on the left side (8 and 6). What is the result of 8 + 6, and what does the full simplified equation look like now?",,,,,,
12,average_08_run1,multi,Then I subtract 6 on the both sides: -a + 8 = 0,"You jumped to subtracting 6 before adding 8 and 6 on the left side. What is the sum of 8 and 6, and how does that change the equation before you move terms?",False,0,,confused,False,,False,,"You have correctly identified the -a term, but there is a calculation error in combining the constants on the left side. You previously had 8 and +6 on the left side. What is the sum of 8 and 6? Once you have that sum, rewrite the left side of the equation before moving any terms to the other side.",,,,,,
13,average_08_run1,multi,"Then I subtract 8 on the both sides, -a =-8, the answer is 8","You jumped to subtracting 8 before adding 8 and 6 on the left side. What is the sum of 8 and 6, and how does that change the equation before you move terms?",False,0,,confused,False,,False,,"You made a calculation error in the previous step. You correctly identified the term -a, but you skipped adding 8 and 6 on the left side before moving terms. First, what is the sum of 8 and 6? Once you have that sum, write the simplified equation before you attempt to isolate 'a'.",,,,,,
14,average_08_run1,multi,"Because 1 = 6/6, that ensures the cancelation of the denominators on both sides of the equation","You're right that 1 equals 6/6, but how does multiplying the entire equation by 6 change the terms (a+4)/3 and (a-2)/2?",False,0,,confused,False,,False,,"The student is currently confused about the role of the number 1 in the equation. They stated '1 = 6/6' to justify canceling denominators, but they have not yet performed the actual multiplication of the entire equation by 6 to eliminate the fractions. The previous attempts to combine terms (-a + 8 + 6) were based on an incorrect intermediate step where the student tried to add numbers without first clearing the denominators. Do not ask the student to redo the addition of 8 and 6 yet. Instead, guide them to the correct first step: Multiply every term in the original equation ((a + 4)/3 - (a - 2)/2 = 1) by 6. Ask specifically: 'If we multiply the left side term (a+4)/3 by 6, what does it become? And what does the term (a-2)/2 become when multiplied by 6? Finally, what does the right side (1) become when multiplied by 6?'",,,,,,
15,average_08_run1,multi,"(8 + 4)/3 - (8 -2)/2 = 12/3 - 4/2 = 1, 8 is the answer to the equation.","You verified the answer is 8, but can you show the step where you combine the a terms and the numbers on the left side before moving them?",False,0,,confused,False,,False,,"You have correctly verified that a=8 is the solution by substituting it back into the original equation. However, let's review the algebraic steps to find 'a' from the start, as you skipped the crucial step of combining the constant terms on the left side. When you multiplied the equation by 6, you correctly got 2(a+4) - 3(a-2) = 6. After distributing, you had 2a + 8 - 3a + 6 = 6. Can you explicitly combine the 'a' terms (2a and -3a) and the constant terms (8 and 6) on the left side before moving anything to the right?",,,,,,
1,average_09_run1,multi,How to solve the following question: (2x - 1)/3 - (x + 3)/4 = (x + 1)/6 + 1/2?,"To clear the fractions, what is the smallest number that 3, 4, and 6 all divide into evenly? Multiplying every term by this number will simplify the equation.",False,0,,confused,False,,False,,"To solve the equation (2x - 1)/3 - (x + 3)/4 = (x + 1)/6 + 1/2, the first step is to eliminate the fractions. Identify the Least Common Multiple (LCM) of the denominators 3, 4, and 6. Then, explain what happens when you multiply every single term on both sides of the equation by this LCM.",,,,,,
2,average_09_run1,multi,"The first step, maybe finding the common denominator? I’m not entirely sure.","You are right that 12 is the common denominator, but can you write out the full equation after multiplying every single term, including the 1/2 on the right side, by 12?",False,0,,confused,False,,False,,"The student correctly identified that finding a common denominator is the right strategy. Since the denominators are 3, 4, and 6, the least common multiple (LCM) is 12. Ask the student to confirm that multiplying every term in the equation by 12 will eliminate all fractions, and then guide them to write out the resulting equation without fractions yet, ensuring they multiply the constant term '1/2' and the entire right-hand side correctly.",,,,,,
3,average_09_run1,multi,"The common denominator, 24?","Actually, the smallest number 3, 4, and 6 all divide into is 12, not 24. Can you rewrite the full equation after multiplying every term by 12?",False,0,,confused,False,,False,,"The student has incorrectly identified the common denominator as 24. The correct least common multiple for 3, 4, and 6 is 12. Please guide the student to recalculate the LCM of the denominators (3, 4, 6) and then ask them to write out the full equation after multiplying every term by the correct number (12), ensuring the term 1/2 on the right side is also multiplied.",,,,,,
4,average_09_run1,multi,"But 24 works, right, why I need to use a smaller number?","Yes, 24 works, but using the smallest number 12 keeps the math simpler. Can you try multiplying every term in the original equation by 12 and write out the result?",False,0,,confident,False,,False,,"You are correct that 24 works as a common multiple, but using the Least Common Multiple (LCM), which is 12, keeps the numbers smaller and the arithmetic simpler. Since you understand that 24 is valid, let's proceed with the standard method using 12. Please write out the full equation you get when you multiply every single term in the original equation ((2x - 1)/3 - (x + 3)/4 = (x + 1)/6 + 1/2) by 12. Be sure to show the result for the term 1/2 as well.",,,,,,
5,average_09_run1,multi,"I see. Hmm, 12?","Since 12 is the correct multiplier, can you write out the full equation after multiplying every term, including the 1/2 on the right side, by 12?",False,0,,confused,False,,False,,"The student is hesitating on the multiplier. Confirm that 12 is the correct Least Common Multiple (LCM) for 3, 4, and 6. Then, guide the student to write the full equation after multiplying every term on both sides by 12, specifically ensuring they correctly distribute 12 to the constant term 1/2 on the right side.",,,,,,
6,average_09_run1,multi,"Good, then I get (2x - 1)/3 = (2x - 1)/3 * 4/4 = 4(2x - 1)/12","You simplified the first term, but what happens when you multiply the other three terms by 12?",False,0,,confused,False,,False,,"You have correctly transformed the first term on the left side, but you have not yet applied the multiplication by 12 to the other three terms in the equation: the second term on the left ((x + 3)/4), the first term on the right ((x + 1)/6), and the constant on the right (1/2). Please write out the full equation showing the result of multiplying every single term by 12.",,,,,,
7,average_09_run1,multi,(x + 3)/4 = (x + 3)/4 * 3/3 = 3(x + 3)/12 and similarly (x + 1)/6 = (x + 1)/6 * 2/2 = 2(x + 1)/12,"You've handled the variable terms well, but what happens when you multiply the remaining 1/2 on the right side by 12?",False,0,,confused,False,,False,,"You have correctly rewritten the terms with the common denominator of 12. However, you have not yet completed the full equation. The original problem includes a constant term on the right side: + 1/2. Please multiply this term (1/2) by 12 as well, and then write out the complete new equation where all fractions have been eliminated (i.e., the equation with integer coefficients).",,,,,,
8,average_09_run1,multi,The expression will be 4(2x - 1)/12 - 3(x + 3)/12 = 2(x + 1)/12 + 1/2,You converted the variable terms but forgot to multiply the 1/2 on the right side by 12. Can you rewrite the full equation by multiplying every single term by 12 and then canceling the denominators?,False,0,,confused,False,,False,,"You have correctly converted the variable terms to a common denominator of 12, but you missed multiplying the constant term 1/2 on the right side by 12. Please rewrite the full equation showing the result of multiplying every single term (including the 1/2) by 12, and then simplify the fractions by canceling out the denominators.",,,,,,
9,average_09_run1,multi,1/2? But there’s no variable with 1/2,"Even without a variable, the 1/2 is still a term that must be multiplied by 12. What is 12 times 1/2?",False,0,,confused,False,,False,,"The student is confused about the constant term 1/2 on the right side. Clarify that the goal is to multiply EVERY term in the equation by 12 to eliminate denominators, regardless of whether a term contains a variable. Specifically, ask the student to calculate 12 * (1/2) and explain how this term fits into the new equation where all denominators are removed. Do not solve the equation yet; just focus on correctly transforming the term 1/2.",,,,,,
10,average_09_run1,multi,"Got it, 4(2x - 1)/12 - 3(x + 3)/12 = 2(x + 1)/12 + 6/12","Great job getting all terms over 12. Now, what does the equation look like if you multiply the entire thing by 12 to cancel out those denominators?",False,0,,confident,False,,False,,"Now that you have successfully rewritten the equation with a common denominator of 12, the next step is to eliminate the denominators to simplify the equation. Since every term is divided by 12, you can multiply the entire equation by 12. This will cancel out the '/12' on every term. Please write down the resulting equation with the denominators removed, keeping the numerators exactly as they are (e.g., 4(2x - 1) - 3(x + 3) = ...).",,,,,,
11,average_09_run1,multi,So I get 4(2x - 1) - 3(x + 3) = 2(x + 1) + 6,"You've cleared the denominators, but the parentheses still need to be removed. Can you distribute the numbers outside the parentheses into the terms inside to expand the equation?",False,0,,confused,False,,False,,"The student has correctly cleared the denominators to reach the equation 4(2x - 1) - 3(x + 3) = 2(x + 1) + 6. The next step is to distribute the numbers outside the parentheses into the terms inside. Please ask the student to expand 4(2x - 1) and -3(x + 3) on the left side, and 2(x + 1) on the right side, ensuring they pay close attention to the negative sign when distributing -3.",,,,,,
12,average_09_run1,multi,"Then I expand 4(2x - 1), which is 8x - 4",Good start on the first term. Can you now distribute -3 into (x + 3) and 2 into (x + 1) to write out the full expanded equation?,False,0,,confident,False,,False,,"You correctly expanded the first term 4(2x - 1) to 8x - 4. Now, please continue expanding the remaining terms on both sides of the equation: distribute -3 into (x + 3), distribute 2 into (x + 1), and keep the constant 6 as is. Write out the full expanded equation.",,,,,,
13,average_09_run1,multi,"Similarly, expand 3(x + 3), which is 3x + 9",You missed the negative sign when distributing -3 into (x + 3). Can you rewrite the full expanded equation with the correct signs for all terms?,False,0,,confused,False,,False,,"You correctly expanded 4(2x - 1) to 8x - 4, but there is a critical sign error in your expansion of the second term. Since the term in the equation is -3(x + 3), you must distribute the negative sign along with the 3. What is the correct result of -3 times x and -3 times 3? Please rewrite the full expanded equation with the correct signs for all terms.",,,,,,
14,average_09_run1,multi,"Negative? True, - 3x - 9","You fixed the left side, but have you also distributed the 2 into (x + 1) on the right to write the full equation without parentheses?",False,0,,confused,False,,False,,"You correctly identified that distributing -3 into (x + 3) results in -3x - 9. Now, please complete the expansion for the remaining term on the right side: distribute 2 into (x + 1). Once you have expanded all terms, write out the full linear equation with all parentheses removed.",,,,,,
15,average_09_run1,multi,Then I expand also on the right side of the equation 2x + 2 + 6,"You have the right terms on the right side, but how do you simplify 2x + 2 + 6 into a single expression?",False,0,,confused,False,,False,,"You have correctly expanded the left side to 8x - 4 - 3x - 9. However, on the right side, you wrote '2x + 2 + 6'. Let's re-examine the original right side: (x + 1)/6 + 1/2. After clearing denominators by multiplying by 12, the terms become 2(x + 1) and 6. You correctly expanded 2(x + 1) as 2x + 2, but you added the constant 6 directly to the result. Please write out the full right side expression by combining the expanded term 2(x + 1) and the constant term 6, ensuring you do not double-count or misplace the 6.",,,,,,
16,average_09_run1,multi,The equation becomes 8x - 4 - 3x - 9 = 2x + 2 + 6,"You have the right terms, but can you combine the like terms on each side to simplify the equation before solving?",False,0,,confused,False,,False,,"You have correctly expanded both sides of the equation to 8x - 4 - 3x - 9 = 2x + 2 + 6. Now, before moving terms, please simplify each side by combining like terms (the x terms and the constant numbers) separately. What is the simplified equation?",,,,,,
17,average_09_run1,multi,"Calculate the numbers on the both sides to get 8x - 3x -13 = 2x + 8, then add 13 on both sides 8x - 3x = 2x + 21","You correctly added 13 to get 21, but have you combined 8x and -3x on the left side before moving the 2x over?",False,0,,confused,False,,False,,"You have correctly combined the like terms on both sides to get 5x - 13 = 2x + 8. However, in your next step, you wrote '8x - 3x = 2x + 21'. Please verify the arithmetic: if you add 13 to the right side (8 + 13), what is the correct result? Also, ensure you have correctly simplified the left side (8x - 3x) before moving forward.",,,,,,
18,average_09_run1,multi,"Add 3x and subtract 2x on both sides to make the variable to be on the left side, 3x = 21",Did you combine 8x and -3x into 5x before moving the 2x over?,False,0,,confused,False,,False,,"You have correctly combined the constant terms on the right side to get 21, but there is a critical error in how you moved the variable terms. You stated that adding 3x and subtracting 2x results in 3x on the left. Please re-examine the left side of your previous equation: 8x - 3x. What is the result of 8x minus 3x? Once you have the correct simplified left side, combine it with the 2x on the right side to isolate the variable correctly.",,,,,,
19,average_09_run1,multi,"x = 21/3, so the answer is 7","You found x equals 7, but can you double-check if 21 divided by 3 actually equals 7?",False,0,,confused,False,,False,,"The student has correctly simplified the equation to 3x = 21, but they incorrectly concluded that x = 7. Please ask the student to verify the final step: if 3x = 21, what is the value of x when both sides are divided by 3? Remind them that dividing 21 by 3 results in 7, but check if they made an arithmetic error in the division or if they are confusing the operation. Guide them to re-calculate 21 / 3 to confirm the final answer.",,,,,,
20,average_09_run1,multi,"I needed to find common denominator for the non-variable terms, otherwise the result is wrong","You mentioned needing a common denominator, but did you try multiplying every term in the original equation by 12 to clear the fractions first?",False,0,,confused,False,,False,,"The student has reached a final answer of x=7, but the reasoning contains a fundamental error: they claim a common denominator is needed for the non-variable terms to get the correct result, yet they never actually performed the step of clearing the fractions from the original equation (2x - 1)/3 - (x + 3)/4 = (x + 1)/6 + 1/2. The previous steps (8x - 3x - 13 = 2x + 8) appear to be derived from an incorrect or unverified simplification. Ask the student to explicitly show the step of multiplying the entire original equation by the least common multiple of the denominators (12) to clear the fractions, and verify if their current equation (8x - 3x - 13 = 2x + 8) matches the result of that correct process.",,,,,,
21,average_09_run1,multi,I have to watch out for the negative when distribute numbers inside parentheses.,"Since you need to watch for the negative sign, what does the full equation look like after multiplying every term by 12?",False,0,,confused,False,,False,,"You are correct to be cautious about negative signs during distribution. Let's apply that care to the very first step of solving this specific equation: (2x - 1)/3 - (x + 3)/4 = (x + 1)/6 + 1/2. To clear the fractions, we multiply every term by 12. Please write out the resulting equation after multiplying, paying close attention to how the negative sign in front of the second fraction affects the term (x + 3) when you distribute the 12.",,,,,,
1,average_10_run1,multi,I need help with solving 16^(x-2) = (1/8)^(2x + 1),Have you noticed that both 16 and 1/8 can be written as powers of 2? What exponents would you use to express them in that form?,False,0,,confused,False,,False,,The student has just presented the problem 16^(x-2) = (1/8)^(2x + 1). No steps have been taken yet. The first step is to express both bases (16 and 1/8) as powers of the same base number (2). Ask the student to identify what power of 2 equals 16 and what power of 2 equals 1/8.,,,,,,
2,average_10_run1,multi,"16 can be written as 4^2, and 1/8, I don’t know, I know that 8 can be written as 4 * 2","Try expressing 16 and 8 as powers of 2 instead of 4, then rewrite the equation using that common base.",False,0,,confused,False,,False,,"You correctly identified that 16 is 4 squared, but to solve this equation efficiently, we need to express both 16 and 1/8 as powers of the SAME base. Since 16 is 2 to the power of 4 (2^4) and 8 is 2 to the power of 3 (2^3), can you rewrite 16 and 1/8 using base 2? Remember that 1/8 is the same as 2 raised to a negative exponent.",,,,,,
3,average_10_run1,multi,"If I use 2 as base, then 16 = 2^4. I don’t know how to rewrite 1/8, I know 8 = 2^3","Since 8 is 2^3, how can you use a negative exponent to express 1/8 as a power of 2?",False,0,,confused,False,,False,,"You correctly identified that 16 = 2^4 and 8 = 2^3. Now, recall that a negative exponent represents a reciprocal (1/a^n = a^-n). Use this rule to rewrite 1/8 as a power of 2 with a negative exponent, and then substitute both expressions back into the original equation to set up the new form.",,,,,,
4,average_10_run1,multi,Negative exponent rule? What should I do?,Try applying the rule that 1 over a number to a power equals that number to the negative of that power. Can you use this to rewrite 1/8 as a power of 2?,False,0,,confused,False,,False,,"The student correctly identified that 16 = 2^4 and 8 = 2^3, but is stuck on applying the negative exponent rule to rewrite 1/8. Do not solve for x yet. Instead, guide the student to recall that 1/a^n = a^(-n). Ask them specifically: 'If 8 is 2^3, what is 1/8 written as a power of 2 using a negative exponent?' Once they confirm 1/8 = 2^(-3), ask them to rewrite the entire right side of the original equation, (1/8)^(2x + 1), using this new base and exponent.",,,,,,
5,average_10_run1,multi,"I see, you mean 1/8 = 2^(-3), right?","Yes, that is correct. Now, can you substitute 2^4 for 16 and 2^(-3) for 1/8 into the original equation to rewrite both sides with the same base?",False,0,,confused,False,,False,,"Great, you have correctly identified that 1/8 = 2^(-3). Now, apply this to the original equation: rewrite the entire equation 16^(x-2) = (1/8)^(2x + 1) using base 2 for both sides. Remember to substitute 16 with 2^4 and 1/8 with 2^(-3).",,,,,,
6,average_10_run1,multi,"So the equation is now 2^4(x - 2) = 2^(-3)(2x + 1), what should I do next?",You multiplied the base by the exponent instead of making the exponent the power; can you rewrite the equation so the entire expression 4(x-2) is the exponent of 2 on the left side?,False,0,,confused,False,,False,,"The student has correctly rewritten the bases as powers of 2, but they have made a critical structural error in the exponents. They wrote 2^4(x - 2) and 2^(-3)(2x + 1), which implies multiplication of the base by the linear term, rather than the linear term being the exponent. Remind the student that when substituting 16 with 2^4, the original exponent (x-2) must remain the exponent of the new base, resulting in 2^(4(x-2)). Ask the student to rewrite the equation correctly with the exponents properly formatted before proceeding to equate the powers.",,,,,,
7,average_10_run1,multi,"So I only keep the exponent, and I get 4(x - 2) = -3(2x + 1)","You have the exponents set equal, but what happens when you apply the distributive property to expand both sides of the equation?",False,0,,confused,False,,False,,"You have correctly identified that since the bases are equal (both are 2), the exponents must be equal. Your equation 4(x - 2) = -3(2x + 1) is the correct setup. Now, please apply the distributive property to expand both sides of this equation. Be very careful with the negative sign on the right side when distributing -3 into (2x + 1). What do you get after expanding both sides?",,,,,,
8,average_10_run1,multi,"Then I expand, 4x - 2 = -6x +1","Check your distribution again: what is 4 times -2, and what is -3 times 1?",False,0,,confused,False,,False,,"Let's double-check the expansion of both sides. On the left side, you wrote 4x - 2, but when you distribute 4 into (x - 2), what is 4 times -2? On the right side, you wrote -6x + 1, but when you distribute -3 into (2x + 1), what is -3 times 1? Please correct the signs in your expanded equation.",,,,,,
9,average_10_run1,multi,"Got it, then left side is 4x -8","Great, you fixed the left side. Now, what do you get when you distribute -3 across (2x + 1) on the right side?",False,0,,confident,False,,False,,"You correctly identified that the left side expands to 4x - 8. However, you missed expanding the right side of the equation -3(2x + 1). Please apply the distributive property to the right side as well: what is -3 times 2x, and what is -3 times 1?",,,,,,
10,average_10_run1,multi,"You are right, I need to multiply 3 and 1 too, so on the right side, -6x + 3","You missed that -3 times 1 is actually -3, so the right side becomes -6x - 3. Can you now combine this with your left side to solve for x?",False,0,,confused,False,,False,,"You correctly identified that -3 times 1 is -3, not +3. Please rewrite the right side of the equation with the correct sign: -6x - 3. Then, combine this with your correct left side (4x - 8) to write the full linear equation.",,,,,,
11,average_10_run1,multi,"True, I need to distribute the negative too, -6x - 3","Now that you have 4x - 8 = -6x - 3, what is the first step to get all the x terms on one side?",False,0,,confused,False,,False,,"You have correctly identified the right side as -6x - 3. Now, write out the full equation with the left side (4x - 8) and the right side (-6x - 3) set equal to each other. Once you have the full equation, what is the next step to isolate the variable x?",,,,,,
12,average_10_run1,multi,So the equation is now 4x - 8 = -6x - 3,"You have the equation set up correctly, but what operation should you perform on both sides to move the -6x term to the left?",False,0,,confused,False,,False,,"You have correctly set up the linear equation 4x - 8 = -6x - 3. Now, to solve for x, you need to move all terms containing x to one side and the constant terms to the other. What is the first algebraic step you would take to move the -6x term to the left side?",,,,,,
13,average_10_run1,multi,"And I move the variable to the left side by adding 6x on the both sides, 10x - 8 = -3","You correctly added 6x to the left side, but did you remember to add 6x to the right side as well? What does the full equation look like now?",False,0,,confused,False,,False,,"You correctly added 6x to the left side to get 10x, but you forgot to add 6x to the right side as well. The right side was -6x - 3; what does it become after adding 6x? Please rewrite the full equation with the variable terms combined on the left and the constant terms on the right.",,,,,,
14,average_10_run1,multi,"Then move the numbers to the right side by adding 8, 10x = 5","You solved a linear equation, but the original problem involves exponents. How can you rewrite 16 and 1/8 as powers of the same base to solve it?",False,0,,confused,False,,False,,"You have correctly isolated the variable term to get 10x = 5. However, you are solving the wrong equation. The original problem is 16^(x-2) = (1/8)^(2x + 1), which involves exponents, not linear terms like 4x or -6x. You seem to have confused this problem with a different linear equation. Let's restart with the correct approach: First, express both 16 and 1/8 as powers of the same base (base 2). What is 16 as a power of 2, and what is 1/8 as a power of 2?",,,,,,
15,average_10_run1,multi,"And x = 10/5, the answer is 2","You solved a linear equation, but the original problem involves exponents. How can you rewrite 16 and 1/8 as powers of the same base to set up the correct equation?",False,0,,confused,False,,False,,"The student has correctly solved the linear equation 10x = 5 to get x = 0.5, but this result is inconsistent with the original exponential problem 16^(x-2) = (1/8)^(2x + 1). The student skipped the crucial step of rewriting the bases 16 and 1/8 as powers of 2. Please guide the student to restart the process by expressing 16 as 2^4 and 1/8 as 2^-3, then setting the exponents equal to each other to form the correct linear equation.",,,,,,
16,average_10_run1,multi,"No, the answer is actually 1/2","You are confident in your answer, but the problem involves exponents, not linear equations. Can you rewrite 16 and 1/8 as powers of the same base to set up the correct equation?",False,0,,confident,False,,False,,"The student claims the answer is 1/2, but the previous steps in the conversation show a completely different linear equation (10x = 5) that does not match the original exponential problem 16^(x-2) = (1/8)^(2x + 1). The student has not yet correctly rewritten the bases 16 and 1/8 as powers of 2. Please guide the student to ignore the previous linear equation and start fresh by identifying the common base for 16 and 1/8.",,,,,,
17,average_10_run1,multi,Negative exponent can be used to rewrite fractions.,"You're right that negative exponents help with fractions, but can you now rewrite 16 and 1/8 specifically as powers of 2 to set up the equation?",False,0,,confused,False,,False,,"You are correct that negative exponents help rewrite fractions. Now, apply this to the specific numbers in the equation: rewrite 16 as a power of 2, and rewrite 1/8 as a power of 2 using a negative exponent. What are the new bases and exponents for both sides?",,,,,,
18,average_10_run1,multi,"I forgot to distribute the factors to the second term in the parentheses, and that can cause wrong result.","You're right that distribution matters, but first, how can you rewrite 16 and 1/8 as powers of 2 to set up the correct equation?",False,0,,confused,False,,False,,"You correctly identified that you need to distribute the exponents to both terms inside the parentheses. Let's apply that now to the original equation: 16^(x-2) = (1/8)^(2x + 1). First, rewrite 16 and 1/8 as powers of 2. Then, apply the power of a power rule (multiply the exponents) to both sides. Specifically, what does the exponent on the right side become after you distribute the 2x + 1 to the base 2?",,,,,,
1,strong_01_run1,multi,How can I solve the following question 8 - 2 * 3 + 4?,Which operation should you perform first in 8 - 2 * 3 + 4?,False,0,,confused,False,,False,,"Before calculating the final result, identify which operation must be performed first according to the order of operations (PEMDAS/BODMAS) in the expression 8 - 2 * 3 + 4.",,,,,,
2,strong_01_run1,multi,"I need to start with multiplication, 2 * 3 = 6","Great, you found 6. Now, should you subtract 6 from 8 or add 4 to 6 next?",False,0,,confident,False,,False,,"Great start! You correctly identified that multiplication comes first and calculated 2 * 3 = 6. Now, rewrite the expression with this result substituted in: 8 - 6 + 4. According to the order of operations, addition and subtraction are performed from left to right. Which operation should you perform next in the expression 8 - 6 + 4?",,,,,,
3,strong_01_run1,multi,"Then I subtract 6 from 8, 8 - 6 = 2","You are close, but what is the final step to finish solving 2 + 4?",False,0,,confused,False,,False,,"You correctly calculated 2 * 3 = 6 and then 8 - 6 = 2. Now, look at the original expression 8 - 2 * 3 + 4. After replacing 2 * 3 with 6, the expression becomes 2 + 4. What is the final result of 2 + 4?",,,,,,
4,strong_01_run1,multi,"It remains 2 + 4, 2 + 4 = 6, the answer is 6","You correctly simplified the expression to 2 + 4, but what is the actual sum of 2 and 4?",False,0,,confused,False,,False,,"You correctly identified that 2 * 3 = 6 and that 8 - 6 = 2. You also correctly identified the remaining expression as 2 + 4. However, your final calculation of 2 + 4 = 6 is incorrect. Please re-calculate 2 + 4 to find the correct final answer.",,,,,,
5,strong_01_run1,multi,I had to respect order of operations and do the multiplication before any addition or subtraction.,"You correctly applied the order of operations, but what is the final sum of 2 and 4?",False,0,,confused,False,,False,,"You correctly identified that multiplication comes first and calculated 2 * 3 = 6. You also correctly performed the subtraction 8 - 6 = 2. Now, look at the remaining part of the expression: 2 + 4. What is the final sum of 2 and 4?",,,,,,
6,strong_01_run1,multi,"Yes — once the multiplication is done first, the expression evaluates cleanly to 6.","You've confirmed the answer is 6, but can you explicitly state the final addition step of 2 plus 4 that leads to this result?",True,1,,confused,False,,False,,"The student has correctly identified the final answer as 6 and demonstrated understanding of the order of operations (multiplication before addition/subtraction). Since the problem is solved and this is the first reflection opportunity, prompt the student to reflect on why the order of operations was crucial in this specific expression to avoid common pitfalls like calculating left-to-right.",,,,,,
1,strong_02_run1,multi,How do I solve 3/4 - 1/6?,"To subtract these fractions, what is the smallest number that both 4 and 6 divide into evenly?",False,0,,confused,False,,False,,"To solve 3/4 - 1/6, the first step is to find a common denominator for the two fractions. What is the least common multiple of 4 and 6?",,,,,,
2,strong_02_run1,multi,The common denominator is 12,"Since 4 times 3 equals 12, what number must you multiply the numerator 3 by to find the new numerator?",False,0,,confused,False,,False,,"Great, you found the common denominator is 12. Now, to keep the value of the fractions the same, you need to adjust the numerators. What number do you need to multiply the numerator 3 by to get a denominator of 12, and what will the new numerator be?",,,,,,
3,strong_02_run1,multi,So I get 3/4 = 3/4 * 3/3 = 9/12,"You converted the first fraction correctly, but what factor turns the denominator 6 into 12, and how does that change the numerator 1?",False,0,,confused,False,,False,,"You correctly converted 3/4 to 9/12. Now, apply the same logic to the second fraction, 1/6. Since the common denominator is 12, what number must you multiply the denominator 6 by, and what must you multiply the numerator 1 by to create an equivalent fraction?",,,,,,
4,strong_02_run1,multi,1/6 = 1/6 * 2/2 = 2/12,"Now that both fractions are twelfths, what is the result when you subtract the new numerator 2 from 9?",False,0,,confused,False,,False,,"Now that both fractions are expressed with the common denominator of 12 (9/12 and 2/12), what is the result of subtracting the second numerator from the first (9 - 2) while keeping the denominator the same?",,,,,,
5,strong_02_run1,multi,"Then subtraction, 9/12 - 2/12 = 7/12, the final answer is 7/12","You found the correct result of 7/12, but can you explain how subtracting the numerators 9 and 2 while keeping the denominator 12 completes the original problem?",True,1,,confused,False,,False,,,,,,,,
6,strong_02_run1,multi,The key was converting both fractions to the same denominator so the numerators could be subtracted directly.,"You identified the key step, but what specific operation on the numerators 9 and 2 completes the subtraction to find the final answer?",True,2,,confused,False,,False,,"The student has correctly identified the core strategy (finding a common denominator) and arrived at the correct numerical result (7/12). Since the problem is solved and this is the second reflection step (count=1), the focus must shift to evaluating the previous reflection. Ask the student to reflect on why the specific common denominator of 12 was chosen over other multiples, and how this choice ensures the subtraction is valid.",,,,,,
7,strong_02_run1,multi,"Right, 7/12 is the final result.",Great job! You solved it. Want to try another problem?,True,2,,confident,False,,False,,Session complete after 2 reflections.,,,,,,
1,strong_03_run1,multi,How do I solve -3^2 + (-2)^3?,"Do you notice that -3^2 means the opposite of 3 squared, while (-2)^3 means negative 2 cubed? How does this difference change the final sum?",False,0,,confused,False,,False,,"Let's break down the expression -3^2 + (-2)^3 step by step. First, focus on the term -3^2. Remember the order of operations: exponentiation happens before the negative sign (which acts as multiplication by -1). Does -3^2 mean (-3) * (-3) or -(3 * 3)?",,,,,,
2,strong_03_run1,multi,-3^2 = -9,"You correctly found the first term is -9, but what is the value of (-2) cubed?",False,0,,confused,False,,False,,"You correctly identified that -3^2 equals -9. Now, let's look at the second part of the expression: (-2)^3. Remember that the parentheses mean the negative sign is included in the base being cubed. Can you calculate the value of (-2)^3?",,,,,,
3,strong_03_run1,multi,(-2)^3 = -8,"You have both parts correct, so what is the final sum when you add -9 and -8 together?",False,0,,confused,False,,False,,"You have correctly calculated both terms: -3^2 equals -9 and (-2)^3 equals -8. Now, combine these two results to find the final sum of the expression.",,,,,,
4,strong_03_run1,multi,"-9 + -8 = -17, the answer is -17","You have correctly calculated both terms, so what is the final sum when you add -9 and -8 together?",True,1,,confused,False,,False,,,,,,,,
5,strong_03_run1,multi,"Confirmed, the final answer is -17",Great work confirming the final answer is -17. How does the placement of parentheses change the outcome when dealing with negative bases and exponents?,True,2,,confident,False,,False,,"The student has correctly identified that -3^2 equals -9 and (-2)^3 equals -8, and correctly summed them to -17. The problem is fully solved with no errors.",,,,,,
6,strong_03_run1,multi,"The important point is that the negative sign sits outside the square, so -3^2 equals -9, not 9.",Great job! You solved it. Want to try another problem?,True,2,,confused,False,,False,,Session complete after 2 reflections.,,,,,,
1,strong_04_run1,multi,I need help with the following question: 2/3 * x = 10,"To isolate x, what operation should you perform on both sides to undo the multiplication by 2/3?",False,0,,confused,False,,False,,"The student has just presented the equation 2/3 * x = 10 and has not yet performed any steps. Since the goal is to clarify the multiplication concept, guide the student to identify the operation being performed on x (multiplication by 2/3) and ask what inverse operation is needed to isolate x. Do not solve for x yet; focus on setting up the correct step to undo the multiplication.",,,,,,
2,strong_04_run1,multi,I multiply the reciprocal of 2/3 on both sides of the equation: x = 10 * 3/2,"You have the right setup, but what is the final value when you multiply 10 by 3 and then divide by 2?",False,0,,confused,False,,False,,"The student has correctly set up the equation x = 10 * 3/2 by multiplying both sides by the reciprocal of 2/3. Now, guide the student to perform the final multiplication and simplification to find the value of x. Ask them to calculate 10 * 3 and then divide by 2, or simplify 10/2 first, to reach the final numerical answer.",,,,,,
3,strong_04_run1,multi,"x = 30/2, therefore the answer is 15","You found x equals 15, but can you verify this by substituting 15 back into the original equation 2/3 times x equals 10?",False,0,,confused,False,,False,,"You correctly identified the setup x = 10 * 3/2 and calculated the numerator as 30. However, you simplified 30/2 to 15. Please re-calculate the division: what is 30 divided by 2?",,,,,,
4,strong_04_run1,multi,Multiplying both sides by the reciprocal is what isolates x cleanly.,"You solved for x correctly, but can you verify your answer by calculating 2/3 times 15 to see if it equals 10?",False,0,,confused,False,,False,,"The student has correctly identified the method (multiplying by the reciprocal) and calculated the final value as 15. However, they have not yet performed the requested verification step. Ask the student to substitute x = 15 back into the original equation (2/3 * 15) to confirm if the result equals 10.",,,,,,
5,strong_04_run1,multi,Yes — using the reciprocal of 2/3 gives x = 15.,"You found x equals 15, but can you verify this by calculating 2/3 times 15 to see if it equals 10?",True,1,,confused,False,,False,,"The student has correctly identified the solution x = 15 and the method (using the reciprocal). However, they have not explicitly performed the final verification step requested in the previous turn (calculating 2/3 * 15 to confirm it equals 10). Since the solution is correct but the verification step was skipped in the final output, trigger a metacognitive reflection to have the student explicitly confirm the verification process and solidify their understanding of why the reciprocal method works.",,,,,,
1,strong_05_run1,multi,Could you help me solve the following question: 15 - 3y = 27?,"To isolate the term with y, what happens if you subtract 15 from both sides of the equation?",False,0,,confused,False,,False,,The student has just presented the equation 15 - 3y = 27. No steps have been taken yet. Guide the student to isolate the variable term by subtracting 15 from both sides of the equation. Ask them to write down the resulting equation.,,,,,,
2,strong_05_run1,multi,I subtract 15 on the both sides of the equation.,"You identified the right step, but what are the specific numbers you get when you subtract 15 from both sides?",False,0,,confused,False,,False,,"You correctly identified the need to subtract 15 from both sides. Now, please perform that calculation explicitly: What is 15 minus 15 on the left side, and what is 27 minus 15 on the right side? Write down the resulting equation.",,,,,,
3,strong_05_run1,multi,3y = 12,"You correctly isolated the term with y, but did you double-check the result of 27 minus 15?",False,0,,confident,False,,False,,"The student has correctly isolated the term 3y but made a sign error when subtracting 15 from 27. Remind the student that 27 - 15 equals 12, not -12, and ask them to verify the calculation on the right side of the equation before proceeding to solve for y.",,,,,,
4,strong_05_run1,multi,"It’s not correct, actually -3y = 12","You correctly identified the left side as -3y, but can you double-check the result of 27 minus 15 to find the correct value for the right side?",False,0,,frustrated,False,,False,,"You correctly identified that the term with y is -3y, which is a good correction. Now, let's verify the other side of the equation. If you subtract 15 from 27, what number do you get? Please calculate 27 - 15 to ensure the right side is correct before we proceed to solve for y.",,,,,,
5,strong_05_run1,multi,"Then I divide -3 on the both sides, y = -12/3, the final answer is -4","You correctly set up the division, but what is the sign of the result when you divide a positive number by a negative number?",False,0,,confused,False,,False,,"Let's pause and verify the signs before dividing. You correctly identified the equation as -3y = 12. When you divide both sides by -3, what happens to the sign of the result on the right side? Remember, a positive number divided by a negative number results in a negative number. Please re-calculate 12 divided by -3.",,,,,,
6,strong_05_run1,multi,I needed to keep the negative sign with the y term the whole way through.,"You correctly kept the negative sign with the y term, but what is the sign of the result when you divide a positive number by a negative number?",False,0,,confused,False,,False,,"You correctly identified that the negative sign stays with the y term, resulting in -3y = 12. Now, focus specifically on the division step: when you divide the positive number 12 by the negative number -3, what is the sign of the final result? Remember the rule for dividing numbers with different signs.",,,,,,
7,strong_05_run1,multi,"Checking: 15 - 3(-4) = 15 + 12 = 27, so -4 is correct.","Your check confirms -4 is correct, but did you notice that dividing a positive by a negative should yield a negative result?",True,1,,confused,False,,False,,"The student has correctly verified that y = -4 satisfies the original equation 15 - 3y = 27. Since the solution is confirmed and consistent with the algebraic steps taken, shift focus to a metacognitive reflection on the sign handling process that caused earlier confusion.",,,,,,
1,strong_06_run1,multi,How can I simplify 1/2 + 3/5 / 9/10 - 1/3?,"Before adding or subtracting, which operation should you perform first in this expression?",False,0,,confused,False,,False,,"Let's start by identifying the order of operations in the expression 1/2 + 3/5 / 9/10 - 1/3. According to PEMDAS, division must be performed before addition and subtraction. Which part of the expression should we calculate first?",,,,,,
2,strong_06_run1,multi,"I should start with the division first, i.e., 3/5 / 9/10","You are right to start with the division, but what is the result when you multiply 3/5 by the reciprocal of 9/10?",False,0,,confused,False,,False,,"You correctly identified that division comes first. Now, please calculate the result of 3/5 divided by 9/10. Remember to multiply by the reciprocal of the divisor.",,,,,,
3,strong_06_run1,multi,3/5 / 9/10 = 3/5 * 10/9 = 2/3,"You correctly found 2/3, but what common denominator can you use to combine 1/2, 2/3, and 1/3?",False,0,,confused,False,,False,,"You have correctly simplified the division part to 2/3. Now, substitute this result back into the original expression to rewrite the full problem as a sequence of additions and subtractions: 1/2 + 2/3 - 1/3. What is the next step to simplify this expression?",,,,,,
4,strong_06_run1,multi,1/2 + 2/3 = 3/6 + 4/6 = 7/6,"You have 7/6, but don't forget to subtract the final 1/3. What common denominator will you use to complete the calculation?",False,0,,confused,False,,False,,"You correctly calculated the division part (3/5 ÷ 9/10 = 2/3) and correctly combined 1/2 + 2/3 to get 7/6. However, the original expression is 1/2 + 3/5 ÷ 9/10 - 1/3. You have not yet included the final term, -1/3, in your calculation. Now, take your result of 7/6 and subtract 1/3 from it. What common denominator will you use for 7/6 and 1/3, and what is the final result?",,,,,,
5,strong_06_run1,multi,"7/6 - 1/3 = 7/6 - 2/6 = 5/6, the answer is 5/6","You correctly set up 7/6 minus 2/6, but what is the actual result when you subtract 2 from 7 in the numerator?",False,0,,confused,False,,False,,"You have correctly calculated the division (3/5 ÷ 9/10 = 2/3) and the addition (1/2 + 2/3 = 7/6). You also correctly converted 1/3 to 2/6. However, you made a calculation error in the final subtraction step: 7/6 - 2/6 is not 5/6. Please re-calculate 7 - 2 carefully to find the correct numerator.",,,,,,
6,strong_06_run1,multi,Divisions and multiplications should be operated before additions and subtractions. ,"You are right about the order of operations, but since we already handled the division and addition, what is the result of subtracting 2 from 7 in the final step?",False,0,,confused,False,,False,,"You correctly identified the order of operations, but you have already completed the division and addition steps in your previous turns. You are currently at the final subtraction step: 7/6 - 1/3. You converted 1/3 to 2/6 correctly, resulting in 7/6 - 2/6. Please perform the subtraction of the numerators (7 - 2) to find the final answer.",,,,,,
7,strong_06_run1,multi,A common denominator is required for fraction additions and subtractions.,"You are right that a common denominator is needed, but what is the result of dividing 3/5 by 9/10 before you can combine the terms?",False,0,,confused,False,,False,,"You are correct that a common denominator is needed for addition and subtraction, but you seem to have forgotten the original problem's structure. The expression is 1/2 + 3/5 / 9/10 - 1/3. According to the order of operations, you must perform the division (3/5 divided by 9/10) BEFORE adding or subtracting. You previously calculated 1/2 + 2/3, but where did the 2/3 come from? Please calculate the result of the division part (3/5 / 9/10) first, then we can proceed with the addition and subtraction using a common denominator.",,,,,,
1,strong_07_run1,multi,How can I simplify (1 + 1/2) / (1 - 3/4)?,Try rewriting the whole numbers as fractions with the same denominators as the ones next to them. What common denominators would you use for the top and bottom parts?,False,0,,confused,False,,False,,"Let's start by simplifying the numerator and the denominator separately. First, what is the result of 1 + 1/2?",,,,,,
2,strong_07_run1,multi,1 + 1/2 = 2/2 + 1/2 = 3/2,"You correctly found the top part is 3/2, but what common denominator should you use to rewrite the 1 in the bottom part so you can subtract 3/4?",False,0,,confused,False,,False,,"You have correctly simplified the numerator to 3/2. Now, apply the same strategy to the denominator: rewrite the whole number 1 as a fraction with the same denominator as 3/4, then perform the subtraction (1 - 3/4).",,,,,,
3,strong_07_run1,multi,Then 1 - 3/4 = 4/4 - 3/4 = 1/4,"You have the top and bottom parts ready, but how do you combine 3/2 and 1/4 to finish simplifying the original expression?",False,0,,confused,False,,False,,"You have correctly simplified the numerator to 3/2 and the denominator to 1/4. Now, combine these results to form the final division expression: (3/2) divided by (1/4). How do you perform this division using the rule for dividing fractions?",,,,,,
4,strong_07_run1,multi,"3/2 / 1/4 = 3/2 * 4/1 = 6, the answer is 6","You correctly set up the multiplication, but can you explicitly calculate the product of the numerators and the product of the denominators to confirm the final value?",False,0,,confused,False,,False,,"You have correctly simplified the numerator to 3/2 and the denominator to 1/4, and you correctly identified that dividing by a fraction is the same as multiplying by its reciprocal. However, let's double-check the final multiplication step: when you calculate 3/2 * 4/1, do you multiply the numerators together and the denominators together? What is 3 * 4 and what is 2 * 1?",,,,,,
5,strong_07_run1,multi,"Parentheses first, then rewrite the division as multiplication by the reciprocal.","You've set up the multiplication correctly, but can you now calculate the product of the numerators and the product of the denominators to find the final value?",False,0,,confused,False,,False,,"The student has correctly identified the strategy (parentheses first, then rewrite division as multiplication by the reciprocal) and has already calculated the intermediate steps: the numerator is 3/2, the denominator is 1/4, and the expression becomes 3/2 * 4/1. However, the student's final answer of 6 is incorrect. The error lies in the final multiplication step. Ask the student to explicitly calculate the product of the numerators (3 * 4) and the product of the denominators (2 * 1) separately to find the correct result, rather than jumping to the final number.",,,,,,
6,strong_07_run1,multi,"Yes, that gives 6.",Great job confirming the result is 6. Can you now explain how multiplying the numerators and denominators separately led to that final answer?,True,1,,confident,False,,False,,"The student has correctly simplified the expression (1 + 1/2) / (1 - 3/4) to 6. Since the problem is fully solved and this is the first reflection opportunity, prompt the student to reflect on the steps taken: specifically, how they handled the complex fraction by simplifying the numerator and denominator separately before performing the division.",,,,,,
1,strong_08_run1,multi,How do I solve (a + 4)/3 - (a - 2)/2 = 1?,"To clear the fractions, what number could you multiply every term in the equation by?",False,0,,confused,False,,False,,"To solve this equation, the first step is to eliminate the fractions by finding the least common denominator (LCD) for 3 and 2. What is the LCD, and how would you multiply every term in the equation by this number to clear the denominators?",,,,,,
2,strong_08_run1,multi,"I start from finding a common denominator, the least common denominator is 6","Great, you found the LCD is 6. Now, what equation do you get when you multiply every term in the original problem by 6?",False,0,,confused,False,,False,,"Great, you correctly identified the least common denominator as 6. Now, to clear the fractions, you need to multiply every single term in the equation by 6. Please write out the new equation you get after multiplying the left side terms ((a + 4)/3 and -(a - 2)/2) and the right side (1) by 6. Be careful to distribute the 6 to both the numerator and the denominator correctly, and remember to keep the subtraction sign between the two new terms.",,,,,,
3,strong_08_run1,multi,(a + 4)/3 = (a + 4)/3 * 2/2 = 2(a + 4)/6,"You correctly rewrote the first term, but what happens when you multiply the second term and the 1 by 6 as well?",False,0,,confused,False,,False,,"You correctly identified the LCD as 6 and started converting the first term. However, you stopped after rewriting the first term and did not apply the multiplication by 6 to the rest of the equation. Remember, you must multiply EVERY term on both sides of the equation by 6. Please write out the full new equation after multiplying the second term, (a - 2)/2, and the constant, 1, by 6 as well.",,,,,,
4,strong_08_run1,multi,(a - 2)/2 = (a - 2)/2 + 3/3 = 3(a - 2)/6,You added 3/3 instead of multiplying by it; can you rewrite the second term as 3(a-2)/6 and then multiply the 1 on the right side by 6 to clear all fractions?,False,0,,confused,False,,False,,"You correctly identified the LCD as 6 and showed how to rewrite the first term (a+4)/3 as 2(a+4)/6. However, your attempt to rewrite the second term (a-2)/2 contains a conceptual error: you added 3/3 instead of multiplying by 3/3. To clear the fraction (a-2)/2 using the LCD of 6, you must multiply it by 3/3. Please rewrite the second term correctly as a fraction with a denominator of 6, and then show what happens when you multiply the right side of the equation (the number 1) by 6.",,,,,,
5,strong_08_run1,multi,The equation can be written as 2(a + 4)/6 - 3(a - 2)/6 = 6/6,"You have the fractions over 6, so what happens if you multiply every single term in that equation by 6 to clear the denominators?",False,0,,confused,False,,False,,"You have successfully cleared the fractions by rewriting the equation as 2(a + 4)/6 - 3(a - 2)/6 = 6/6. Now, since all terms share the same denominator of 6, you can multiply the entire equation by 6 to remove the denominators completely. What is the resulting equation after removing the denominators?",,,,,,
6,strong_08_run1,multi,So 2(a + 4) - 3(a - 2) = 6,"You have cleared the fractions, but what happens when you distribute the 2 and the -3 into the parentheses to expand the equation?",False,0,,confused,False,,False,,"You have correctly cleared the denominators to get 2(a + 4) - 3(a - 2) = 6. Now, please distribute the 2 into (a + 4) and the -3 into (a - 2). Be very careful with the negative sign when distributing -3 to the -2 inside the parentheses. What is the resulting equation after distribution?",,,,,,
7,strong_08_run1,multi,"I distribute the 2 and 3 into the parentheses, 2a + 8 - 3a - 6 = 6","You distributed the 2 correctly, but did you remember that multiplying -3 by -2 gives a positive 6? Please rewrite the full expanded equation with the correct sign for that constant term.",False,0,,confused,False,,False,,"You correctly distributed the 2 into (a + 4) to get 2a + 8. However, when distributing -3 into (a - 2), you made a sign error. Remember that -3 multiplied by -2 results in a positive number. Please re-calculate the term -3(a - 2) and rewrite the full expanded equation with the correct signs.",,,,,,
8,strong_08_run1,multi,It should be 2a + 8 - 3a + 6 = 6,"You fixed the sign, but what happens when you combine the like terms 2a and -3a, as well as 8 and 6, on the left side?",False,0,,confused,False,,False,,"You have correctly corrected the sign for the constant term in the second part. Now, look at the left side of your equation: 2a + 8 - 3a + 6. Can you combine the 'a' terms (2a and -3a) and the constant terms (8 and 6) to simplify the left side?",,,,,,
9,strong_08_run1,multi,-a + 14 = 6,"You're close, but how can you move the 14 to the other side to isolate the variable?",False,0,,confused,False,,False,,"You have correctly simplified the left side to -a + 14 = 6. Now, to isolate the variable 'a', what is the first step you should take to move the constant term 14 to the right side of the equation?",,,,,,
10,strong_08_run1,multi,"Then I subtract 14 on the both sides, -a =-8, a = 8, the answer is 8","You correctly found -a = -8, but what happens to the sign of 8 when you divide both sides by -1?",False,0,,confused,False,,False,,"You correctly isolated the variable term to get -a = -8, but you made a calculation error when dividing by -1. If -a equals -8, what is the value of a? Please verify the sign of your final answer.",,,,,,
11,strong_08_run1,multi,The critical slip was the sign when distributing -3(a - 2); it must become -3a + 6.,"You correctly identified the distribution error, but have you finished solving for 'a' by dividing -8 by -1?",False,0,,confused,False,,False,,"You mentioned the sign slip in distribution, but let's verify your final calculation. You correctly reached -a = -8. To find the value of 'a', you must divide both sides by -1. What is the result of -8 divided by -1? Please state the final value of 'a' and verify if it satisfies the original equation (a + 4)/3 - (a - 2)/2 = 1.",,,,,,
12,strong_08_run1,multi,"After fixing that sign and using the common denominator, a = 8.","You've identified the key error, but have you finished by dividing -8 by -1 to confirm the final value of a?",False,0,,confident,False,,False,,"You have correctly identified the distribution error and arrived at -a = -8. To finish solving for 'a', you need to divide both sides by -1. What is the result of -8 divided by -1?",,,,,,
1,strong_09_run1,multi,How to solve the following question: (2x - 1)/3 - (x + 3)/4 = (x + 1)/6 + 1/2?,"To clear the fractions, what is the smallest number that 3, 4, and 6 all divide into evenly? Multiplying every term by this number will simplify the equation.",False,0,,confused,False,,False,,"To solve the equation (2x - 1)/3 - (x + 3)/4 = (x + 1)/6 + 1/2, the first step is to eliminate the fractions. Identify the Least Common Multiple (LCM) of the denominators 3, 4, and 6. Then, explain what happens when you multiply every single term on both sides of the equation by this LCM.",,,,,,
2,strong_09_run1,multi,"I have to find the common denominator. 12 is the common denominator for 3, 4, 6 and 2","Great, you found 12. Now, what does the equation look like when you multiply every single term by 12 to remove the fractions?",False,0,,confused,False,,False,,"Great job identifying 12 as the least common denominator for 3, 4, 6, and 2. Now, let's apply this to the equation. Multiply every single term on both sides of the equation by 12 to eliminate the fractions. Write out the resulting equation where the denominators are removed, but do not solve for x yet.",,,,,,
3,strong_09_run1,multi,Then (2x - 1)/3 = (2x - 1)/3 * 4/4 = 4(2x - 1)/12,"You correctly handled the first term, but what do the other three terms become when you multiply them by 12?",False,0,,confused,False,,False,,"You correctly identified the common denominator as 12 and started transforming the first term on the left side. However, you have not yet applied the multiplication by 12 to the other three terms in the equation: the second term on the left ((x + 3)/4), and both terms on the right ((x + 1)/6 and 1/2). Please write out the full equation after multiplying every single term by 12, showing the simplified form for each term.",,,,,,
4,strong_09_run1,multi,(x + 3)/4 = (x + 3)/4 * 3/3 = 3(x + 3)/12,"You've handled the left side well, but what do the terms (x + 1)/6 and 1/2 become when you multiply them by 12?",False,0,,confused,False,,False,,"You have correctly transformed the first two terms on the left side. Now, apply the same logic to the right side of the equation: multiply (x + 1)/6 and 1/2 by 12. What do these two terms become after simplification?",,,,,,
5,strong_09_run1,multi,(x + 1)/6 = (x + 1)/6 * 2/2 = 2(x + 1)/12,"You've converted most terms, but what does the final constant 1/2 become when you multiply it by 12 to match the denominator of 12?",False,0,,confused,False,,False,,"You have correctly converted the first three terms and the term (x+1)/6 to have a denominator of 12. Now, apply the same logic to the final term, 1/2. What does 1/2 become when you multiply it by 12 (expressed as a fraction with denominator 12)?",,,,,,
6,strong_09_run1,multi,1/2 = 1/2 * 6/6 = 6/12,"You've converted each term to twelfths, but how can you use the fact that you multiplied by 12 to cancel the denominators and write the equation with whole numbers?",False,0,,confused,False,,False,,"You have correctly identified the equivalent fractions for each term with a common denominator of 12. Now, write the new equation where every term is multiplied by 12 to eliminate the denominators. Remember: when you multiply a fraction like (2x-1)/3 by 12, the 12 cancels with the 3, leaving 4 times the numerator. Write the full equation with the simplified numerators on both sides.",,,,,,
7,strong_09_run1,multi,The equation will be 4(2x - 1)/12 - 3(x + 3)/12 = 2(x + 1)/12 + 6/12,"You have the numerators ready, but how can you use the fact that every term shares a denominator of 12 to cancel them out and write the equation using only whole numbers?",False,0,,confused,False,,False,,"You have correctly converted all terms to a common denominator of 12. However, the next step is to eliminate the denominators entirely. Since you multiplied every term by 12, the 12s in the denominators should cancel out with the 12 you multiplied by. Please write the simplified equation where the denominators are removed, leaving only the numerators with their coefficients (e.g., 4(2x - 1) - 3(x + 3) = ...).",,,,,,
8,strong_09_run1,multi,Then I get 4(2x - 1) - 3(x + 3) = 2(x + 1) + 6,"You've cleared the denominators, but the parentheses still need to be removed. What happens when you distribute the 4, -3, and 2 into their respective groups?",False,0,,confused,False,,False,,"You have successfully cleared the denominators to get 4(2x - 1) - 3(x + 3) = 2(x + 1) + 6. Now, please expand the terms inside the parentheses on both sides of the equation. Be very careful with the negative sign in front of 3(x + 3); ensure you distribute it correctly to both x and 3.",,,,,,
9,strong_09_run1,multi,"On the left side: 8x - 4 - 3x - 9, which is 5x - 13","You've simplified the left side well, but what happens when you distribute the 2 into (x + 1) and combine it with the 6 on the right side?",False,0,,confused,False,,False,,"You correctly simplified the left side to 5x - 13. Now, apply the same distribution and simplification process to the right side of the equation: 2(x + 1) + 6. What does the right side become after distributing the 2 and combining like terms?",,,,,,
10,strong_09_run1,multi,"On the right side: 2x + 2 + 6, which is 2x + 8","Now that both sides are simplified to 5x - 13 and 2x + 8, how can you move the variable terms to one side and the constants to the other to isolate x?",False,0,,confused,False,,False,,"You have correctly simplified the right side to 2x + 8. Now, combine the like terms on the left side (5x - 13) with the right side (2x + 8) to form a single linear equation. Then, move all terms containing 'x' to one side and constant terms to the other to isolate the variable.",,,,,,
11,strong_09_run1,multi,The equation can be written as 5x - 13 = 2x + 8,You have the simplified equation ready; what happens if you subtract 2x from both sides to start grouping the variable terms?,False,0,,confused,False,,False,,"You have correctly simplified both sides to 5x - 13 = 2x + 8. Now, to isolate x, you need to move the variable terms to one side and the constant terms to the other. If you subtract 2x from both sides, what does the left side become? Then, if you add 13 to both sides, what does the right side become?",,,,,,
12,strong_09_run1,multi,Add 13 on both sides to get 5x = 2x + 21,"You've moved the constants correctly, but how can you get all the x terms on the same side to fully isolate the variable?",False,0,,confused,False,,False,,"You correctly added 13 to both sides, resulting in 5x = 2x + 21. However, to isolate x, you need to move the variable term (2x) from the right side to the left side. What happens if you subtract 2x from both sides of the equation 5x = 2x + 21?",,,,,,
13,strong_09_run1,multi,"Subtract 2x on both sides: 3x = 21, x = 7, the answer is 7","You found x = 7, but have you substituted it back into the original equation to verify both sides are equal?",False,0,,confused,False,,False,,"Let's verify the final answer by substituting x = 7 back into the original equation: (2x - 1)/3 - (x + 3)/4 = (x + 1)/6 + 1/2. Calculate the value of the left side and the right side separately. Do they match? If not, where did the calculation diverge from the correct path?",,,,,,
14,strong_09_run1,multi,Distributing the negative through the second set of parentheses was essential.,"You correctly identified the need to distribute the negative, but did you apply that step to the original equation before solving?",False,0,,confused,False,,False,,"You mentioned distributing the negative was essential, but your final answer of x=7 does not satisfy the original equation. Let's re-verify the simplification step where you arrived at 5x - 13 = 2x + 8. Specifically, check the distribution of the negative sign in the term -(x + 3)/4 and the subsequent multiplication by the common denominator (12). Did you correctly apply the negative sign to both x and 3 inside the parentheses before multiplying?",,,,,,
15,strong_09_run1,multi,"Once everything was over the common denominator 12, the equation simplified cleanly to x = 7.","You mentioned simplifying to x = 7, but can you show the full equation you get when multiplying every term in the original problem by 12?",False,0,,confused,False,,False,,"The student claims the equation simplifies to x = 7 after using a common denominator of 12, but they have not shown the actual algebraic steps to verify this result. Before accepting x = 7, we must explicitly reconstruct the equation after clearing the denominators. Please ask the student to write out the full equation obtained by multiplying every term in the original expression (2x - 1)/3 - (x + 3)/4 = (x + 1)/6 + 1/2 by 12, paying close attention to the distribution of the negative sign in the second term and the constant on the right side.",,,,,,
1,strong_10_run1,multi,I need help with solving 16^(x-2) = (1/8)^(2x + 1),Have you noticed that both 16 and 1/8 can be written as powers of 2? What exponents would you use to express them in that form?,False,0,,confused,False,,False,,The student has just presented the problem 16^(x-2) = (1/8)^(2x + 1). No steps have been taken yet. The first step is to express both bases (16 and 1/8) as powers of the same base number (2). Ask the student to identify what power of 2 equals 16 and what power of 2 equals 1/8.,,,,,,
2,strong_10_run1,multi,16 = 2^4 and 1/8 = 2^(-3),"Great job finding the common base. Now, how would you apply the power of a power rule to simplify the exponents on both sides?",False,0,,confident,False,,False,,"Great job identifying the base 2 representations. Now, substitute these expressions back into the original equation: replace 16 with 2^4 and 1/8 with 2^(-3). Write out the new equation with the exponents applied to the bases, keeping the original exponents (x-2) and (2x+1) attached to the new bases.",,,,,,
3,strong_10_run1,multi,Then the equation can be written as 2^4(x - 2) = 2^(-3)(2x + 1),"The notation 2^4(x-2) looks like 2 to the 4th multiplied by (x-2), but you actually need the entire expression 4(x-2) as the exponent. How can you rewrite the equation to show that the full linear terms are the exponents of base 2?",False,0,,confused,False,,False,,"You have correctly identified the common base (2) and the exponents (4 and -3). However, there is a formatting error in how you applied the power of a power rule. When you have a base raised to a product, like $2^{4(x-2)}$, the exponent is the entire expression $4(x-2)$, not just $4$ multiplied by $x-2$ outside the base. Similarly, on the right side, the exponent is $-3(2x+1)$. Please rewrite the equation using proper parentheses to show that the entire linear expression is the exponent for the base 2 on both sides.",,,,,,
4,strong_10_run1,multi,Then I get 4(x - 2) = -3(2x + 1),"You've set the exponents equal, but what happens when you distribute the 4 and -3 into their parentheses to remove them?",False,0,,confused,False,,False,,"You have correctly set up the equation by equating the exponents: 4(x - 2) = -3(2x + 1). Now, please distribute the coefficients on both sides to remove the parentheses. Be very careful with the negative sign on the right side when distributing -3 into (2x + 1). What do you get after distributing?",,,,,,
5,strong_10_run1,multi,"To distribute the factors in the parentheses, on the left side: 4x - 8","You correctly expanded the left side, but what do you get when you distribute -3 into (2x + 1) on the right side?",False,0,,confused,False,,False,,"You correctly distributed the 4 on the left side to get 4x - 8. Now, apply the same distribution rule to the right side: multiply -3 by both terms inside the parentheses (2x and 1). Be very careful with the signs when multiplying a negative number by a positive number. What is the resulting expression for the right side?",,,,,,
6,strong_10_run1,multi,On the right side: -6x - 3,"Now that both sides are expanded, how can you combine the x terms and constants to isolate x and find the final solution?",False,0,,confused,False,,False,,"You have correctly expanded the left side to 4x - 8 and the right side to -6x - 3. Now, set up the full linear equation by equating these two results: 4x - 8 = -6x - 3. Next, solve for x by moving all terms containing x to one side and constant terms to the other. What is the resulting equation after you move the -6x to the left and the -8 to the right?",,,,,,
7,strong_10_run1,multi,The equation becomes 4x - 8 = -6x - 3,You have the expanded equation ready; what happens if you add 6x to both sides to combine the x terms?,False,0,,confused,False,,False,,"You have correctly expanded both sides to get 4x - 8 = -6x - 3. Now, to isolate x, you need to move the variable terms to one side and the constant terms to the other. If you add 6x to both sides, what does the left side become? Then, if you add 8 to both sides, what does the right side become?",,,,,,
8,strong_10_run1,multi,To add 6x and 8 on both side of the equation: 10x = 5,You added 8 to the left side but forgot to add it to the right side; what should the equation look like after adding 6x to both sides?,False,0,,confused,False,,False,,"There is a critical error in your algebraic manipulation. You started with 4x - 8 = -6x - 3. When you add 6x to both sides, the left side becomes 10x - 8, not 10x. Additionally, you added 8 to the left side but did not add 8 to the right side (which would turn -3 into 5). Please re-calculate the step of moving the variable terms and constant terms to isolate x, ensuring you perform the same operation on both sides.",,,,,,
9,strong_10_run1,multi,The answer is 1/2,You jumped to the final answer without showing the step where you add 8 to -3 on the right side. What is the result of -3 plus 8?,False,0,,confident,False,,False,,"You stated the answer is 1/2, but let's verify the algebraic steps first. You correctly identified the equation 4x - 8 = -6x - 3. When you moved the terms to isolate x, you wrote 10x = 5. However, if you add 6x to both sides, the x terms become 10x, but you must also add 8 to the right side to balance the -8 on the left. What is the correct value on the right side after adding 8 to -3?",,,,,,
10,strong_10_run1,multi,Rewriting both sides with the same base (base 2) was the key step that turned the exponential equation into a linear one.,"You identified the base conversion well, but how do you now isolate x in 4x - 8 = -6x - 3 by combining the x terms?",False,0,,confident,False,,False,,"You correctly identified that rewriting with base 2 was the key step, but we need to finish the algebraic solution. You previously reached the equation 4x - 8 = -6x - 3. You then attempted to isolate x by adding 6x to both sides, but you made a mistake in handling the constant terms. Specifically, when you moved the -8 from the left side to the right side, you added it to -3, but you did not correctly account for the sign change or the operation. Let's go back to 4x - 8 = -6x - 3. If you add 6x to both sides, what is the new equation? Then, to isolate the x term completely, what number must you add to both sides to move the -8 to the right?",,,,,,
11,strong_10_run1,multi,"Yes, 1/2 is the solution.","You found the correct answer, but can you show the specific equation that results from adding 6x and 8 to both sides of 4x - 8 = -6x - 3?",False,0,,confident,False,,False,,"You have correctly identified the solution as 1/2, but you skipped the critical algebraic steps to prove it. We previously established the linear equation 4x - 8 = -6x - 3. You mentioned adding 6x to both sides, but you did not show the result of moving the constant terms (-8 and -3) to the same side. Please explicitly write out the equation after adding 6x to both sides AND adding 8 to both sides to isolate the x terms on the left and the constants on the right.",,,,,,
1,struggle_01_run1,multi,"I need help with the following question 8 - 2 * 3 + 4, the answer should be 22.","In the expression 8 - 2 * 3 + 4, which operation must you perform first according to the order of operations?",False,0,,confused,False,,False,,"The student believes the answer is 22, which suggests they calculated 8 - 2 first (getting 6) and then multiplied by 3. However, the original expression is 8 - 2 * 3 + 4. According to the order of operations, multiplication must be performed before addition or subtraction. Please guide the student to rephrase the expression with parentheses to show the correct order: (2 * 3) should be calculated first. Ask them to identify which operation should be done first in 8 - 2 * 3 + 4.",,,,,,
2,struggle_01_run1,multi,Of course the calculation starts from left to right 8 - 2 * 3 + 4 = 6 * 3 + 4 = 22,"Why does the order of operations require you to multiply before subtracting, making the step 8 - 2 = 6 invalid here?",False,0,,confused,False,,False,,"The student incorrectly applied the order of operations by subtracting 8 - 2 before multiplying. In the expression 8 - 2 * 3 + 4, multiplication must be performed before addition or subtraction. Please ask the student to identify which operation should be done first according to the standard rules (PEMDAS/BODMAS) and explain why the step 8 - 2 = 6 is incorrect in this context.",,,,,,
3,struggle_01_run1,multi,Then why it’s wrong?,It's wrong because multiplication must be done before subtraction. Which operation should you perform first in 8 - 2 * 3 + 4?,False,0,,frustrated,False,,False,,"The student's error is a fundamental misunderstanding of the Order of Operations (PEMDAS/BODMAS). They incorrectly assumed that operations must always be performed strictly from left to right, leading them to calculate 8 - 2 first. However, multiplication has higher precedence than addition and subtraction. Please explain clearly why the multiplication (2 * 3) must be performed before the subtraction (8 - ...), and ask the student to identify the correct first step in the expression 8 - 2 * 3 + 4 without solving it yet.",,,,,,
4,struggle_01_run1,multi,Start from multiplication? You mean 2 * 3 = 6?,"Yes, 2 times 3 is 6, but how does replacing that part change the rest of the expression 8 - 2 * 3 + 4?",False,0,,confused,False,,False,,"You have correctly identified that 2 * 3 = 6. Now, substitute this result back into the original expression 8 - 2 * 3 + 4. What is the new expression you get after replacing 2 * 3 with 6?",,,,,,
5,struggle_01_run1,multi,"Okay, then 8 - 6 + 4, from left to right, 8 - 6 = 2","You found 2, but what is the final step to complete the expression 8 - 6 + 4?",False,0,,confused,False,,False,,"You correctly simplified 2 * 3 to 6, resulting in the expression 8 - 6 + 4. You then calculated 8 - 6 = 2. Now, looking at the remaining expression 2 + 4, what is the final result?",,,,,,
6,struggle_01_run1,multi,"Then 2 + 4 = 6, that’s why they all say 6 is the correct answer.","Since you correctly found 6, what might have caused the confusion with the answer 22?",False,0,,confused,False,,False,,"You have correctly calculated 8 - 6 = 2 and then 2 + 4 = 6. However, you mentioned the answer should be 22. Let's re-examine the original expression: 8 - 2 * 3 + 4. You correctly identified that multiplication comes first (2 * 3 = 6), leaving 8 - 6 + 4. You then correctly calculated 8 - 6 = 2. The final step is adding 4 to that result. Can you confirm the final addition step: 2 + 4? If the result is 6, where might the idea of 22 come from? Did we perhaps misinterpret the order of operations or the numbers in the original problem?",,,,,,
7,struggle_01_run1,multi,I have to start with 2 * 3 first instead of calculating from 8 - 2,"You correctly followed the standard order of operations to get 6, so if the target answer is 22, what different grouping or rule might have been intended to reach that result?",False,0,,confused,False,,False,,"The student has correctly identified that multiplication (2 * 3) must be performed before subtraction or addition, and has correctly calculated the intermediate step 8 - 6 + 4. However, the student's final answer of 6 contradicts the problem's requirement that the answer should be 22. Since the student has already correctly performed the multiplication and the subtraction (8 - 6 = 2), do not ask them to redo these steps. Instead, guide them to re-evaluate the final addition step (2 + 4) and question how the result could possibly be 22 given the standard order of operations. Ask: 'You calculated 2 + 4 = 6. If the required answer is 22, where might the logic have gone wrong? Does the order of operations allow for a different grouping, or is there a misunderstanding of the target answer?'",,,,,,
8,struggle_01_run1,multi,"The reason why I thought 22 correct is I started from 8 - 2, 6 is the correct answer.","You correctly found 6, but does starting with 8 minus 2 actually lead to 22? Let's test that specific path to see where the numbers go.",False,0,,confused,False,,False,,"You correctly identified that the standard order of operations yields 6. However, you mentioned earlier that you thought the answer was 22. Let's test that hypothesis: If you were to calculate 8 - 2 first to get 6, and then multiply that result by 3, what number would you get? Then, add 4 to that result. Does this sequence of operations ( (8 - 2) * 3 + 4 ) lead to 22?",,,,,,
1,struggle_02_run1,multi,How do I solve 3/4 - 1/6? Why the answer isn’t -1?,"Since you are subtracting a smaller number from a larger one, the result must be positive. What is the smallest number that both 4 and 6 divide into evenly?",False,0,,confused,False,,False,,"The student is confused about why the result isn't -1. First, clarify that subtracting a smaller positive number (1/6) from a larger positive number (3/4) must result in a positive number, not a negative one. Then, guide the student to find the Least Common Denominator (LCD) for 4 and 6 to rewrite the fractions so they can be subtracted directly.",,,,,,
2,struggle_02_run1,multi,Common denominator? What’s common denominator?,A common denominator is a number both 4 and 6 divide into evenly. Can you name the smallest number that fits this description?,False,0,,confused,False,,False,,"Explain that a common denominator is a shared number that both bottom numbers (4 and 6) can divide into evenly, which allows us to compare or subtract the fractions. Ask the student to identify the smallest number that both 4 and 6 go into (the Least Common Multiple) without solving the subtraction yet.",,,,,,
3,struggle_02_run1,multi,"Both 4 and 6 can be divided, like 2?","You found a number they both divide by, but we need a number that both 4 and 6 can divide into evenly. Can you list the first few multiples of 4 and 6 to find the smallest match?",False,0,,confused,False,,False,,"The student is confusing the concept of a common denominator with a common factor. While 2 is a common factor of 4 and 6, it is not a common denominator because 4 and 6 do not divide evenly into 2. Instead, we need a number that both 4 and 6 can divide into evenly (a multiple). Please guide the student to identify the smallest number that both 4 and 6 divide into evenly (the Least Common Multiple), and do not accept 2 as the answer.",,,,,,
4,struggle_02_run1,multi,"4 + 6 =10, so that’s the common denominator?",Adding the denominators doesn't work because a common denominator must be a number that both 4 and 6 can divide into evenly. Can you list the first few multiples of 4 and 6 to find the smallest number that appears in both lists?,False,0,,confused,False,,False,,"The student incorrectly identified the common denominator by adding the denominators (4 + 6 = 10). A common denominator must be a number that both 4 and 6 divide into evenly (a multiple), not a sum. Please guide the student to list the multiples of 4 (4, 8, 12, 16...) and 6 (6, 12, 18...) to find the smallest matching number, which is the Least Common Multiple (LCM). Do not reveal the answer; ask them to identify the match.",,,,,,
5,struggle_02_run1,multi,"I see, then 4 * 6 = 24, 24 is the common denominator. ","Great, 24 is the common denominator. Since we multiplied the bottom by 6, what must we do to the top to keep the fraction equal?",False,0,,confused,False,,False,,"Great job identifying 24 as a common denominator. Now, to solve 3/4 - 1/6, we need to rewrite both fractions with this new denominator. Since 4 multiplied by 6 equals 24, what number must we multiply the numerator 3 by to keep the fraction equivalent?",,,,,,
6,struggle_02_run1,multi,"So 12 it is, then 3/4 = 3/4 * 1/3 = 3/12","You multiplied by 1/3 instead of 3, so the fraction changed value. What number must you multiply both the top and bottom by to turn 3/4 into a fraction with a denominator of 12?",False,0,,confused,False,,False,,"You correctly identified that 12 is a common multiple, but you made a mistake in the conversion of 3/4. To get a denominator of 12 from 4, you must multiply by 3, not 1/3. Therefore, 3/4 becomes 9/12, not 3/12. Please correct the conversion for 3/4 to have a denominator of 12.",,,,,,
7,struggle_02_run1,multi,"Not to change the value of the fraction, multiplying 1 won’t change the value. 1 = 3/3","You're right that multiplying by 1 keeps the value the same, but which specific form of 1 (like 3/3) do you need to turn the denominator 4 into 12?",False,0,,confused,False,,False,,"You are correct that multiplying by 1 does not change a value, but 3/3 is not equal to 1 in the context of changing the denominator from 4 to 12. To turn the denominator 4 into 12, you must multiply by 3 (since 4 * 3 = 12). Therefore, the fraction you multiply by is 3/3. Can you now correctly rewrite 3/4 as an equivalent fraction with a denominator of 12 by multiplying both the numerator and denominator by 3?",,,,,,
8,struggle_02_run1,multi,Then 3/4 = 3/4 * 3/3 = 9/12 and 1/6 = 1/6 * 2/2 = 2/12,"Now that both fractions have a denominator of 12, what is the result when you subtract the new numerators?",False,0,,confused,False,,False,,"You have successfully converted both fractions to have a common denominator of 12: 3/4 became 9/12 and 1/6 became 2/12. Now, apply the original operation from the problem (subtraction) to these new fractions. What is 9/12 minus 2/12?",,,,,,
9,struggle_02_run1,multi,Then 9/12 - 2/12 = 7/0,"You correctly found the numerator 7, but what happens to the denominator when you subtract fractions with the same bottom number?",False,0,,frustrated,False,,False,,"You have correctly converted the fractions to 9/12 and 2/12. However, your subtraction result of 7/0 is incorrect. When subtracting fractions with the same denominator, you subtract the numerators (9 - 2) but keep the denominator the same. What is 9 minus 2, and what should the denominator be in the final answer?",,,,,,
10,struggle_02_run1,multi,"I see, denominator should be kept and only operate numerator. Then 9/12 - 2/12 = (9 - 2)/12 and the result is 7/12","Great job realizing the denominator stays 12! Now that you have 7/12, what is the final answer to the original subtraction problem?",True,1,,confused,False,,False,,"The student has successfully calculated the correct result (7/12) for the subtraction problem. However, their initial question was 'Why the answer isn't -1?'. Since the calculation is now complete and correct, the next step is to explicitly address their misconception about why the result is positive 7/12 rather than negative 1, connecting the correct calculation back to their original confusion.",,,,,,
11,struggle_02_run1,multi,Common denominator is a number that both denominators can be divided,"You've correctly found the numerator 7 and kept the denominator 12, so what is the final answer to the original subtraction problem?",True,2,,confused,False,,False,,"The student has correctly calculated the result as 7/12 in the previous turn, but their latest response ('Common denominator is a number that both denominators can be divided') is a definition, not the final answer to the specific problem 3/4 - 1/6. They seem to have regressed or are confused about whether 7/12 is the final answer. Do not ask them to re-calculate the subtraction. Instead, ask a direct confirmation question: 'You found that 9/12 - 2/12 equals 7/12. Is 7/12 the final answer to the original problem 3/4 - 1/6, or is there another step needed?'",,,,,,
12,struggle_02_run1,multi,The subtraction is only for the numerators,Great job! You solved it. Want to try another problem?,True,2,,confused,False,,False,,Session complete after 2 reflections.,,,,,,
1,struggle_03_run1,multi,How do I solve -3^2 + (-2)^3?,"Do you notice that -3^2 means the opposite of 3 squared, while (-2)^3 means negative 2 cubed? How does this difference change the final sum?",False,0,,confused,False,,False,,"Let's break down the expression -3^2 + (-2)^3 step by step. First, focus on the term -3^2. Remember the order of operations: exponentiation happens before the negative sign (which acts as multiplication by -1). Does -3^2 mean (-3) * (-3) or -(3 * 3)?",,,,,,
2,struggle_03_run1,multi,Math is my enemy. Anything you don’t like to do?,"Math can feel like an enemy when the rules seem tricky, but what happens if we treat -3 squared as the opposite of 9 and -2 cubed as negative 8 to see how they combine?",False,0,,discouraged,False,,False,,"I hear you, and it's completely normal to feel frustrated when math feels like an enemy. Even I find repetitive calculations tedious! But let's tackle this specific problem together to show you that you can conquer it. We haven't actually started calculating the numbers yet; we are still at the very beginning. The first step is to carefully evaluate the two separate parts: what is the value of -3^2 (remembering the order of operations) and what is the value of (-2)^3? Let's figure out those two values first before we add them.",,,,,,
3,struggle_03_run1,multi,"Fine, left side. Just to be sure, ^ is not the same operator as *, correct?","Yes, ^ is exponentiation while * is multiplication. Now that you know -3^2 means the opposite of 3 times 3, what number does that give you?",False,0,,confused,False,,False,,"Confirm that the caret symbol (^) represents exponentiation (repeated multiplication) and is distinct from the asterisk (*) which represents single multiplication. Then, apply this understanding to the left side of the expression: explain why -3^2 is calculated as -(3*3) rather than (-3)*(-3), and determine the value of this term.",,,,,,
4,struggle_03_run1,multi,"Good, so -3 ^ 2 = -3 * (-3) = 9, and (-2)^3 = -2 * (-2) * (-2) = 8","Actually, -3^2 is the opposite of 3 squared, not -3 times -3, and multiplying three negatives results in a negative number. Can you try recalculating both terms with these rules in mind?",False,0,,confused,False,,False,,"You have correctly identified the operations, but there are two critical calculation errors in your results. First, for -3^2, the exponent applies only to the 3, not the negative sign, so it is -(3*3), not -3*-3. Second, for (-2)^3, multiplying three negative numbers results in a negative number, not a positive one. Please recalculate both terms with these rules in mind before adding them together.",,,,,,
5,struggle_03_run1,multi,"Pft, wrong? And you are telling me that the result of -3 ^ 2 is a negative number?","If -3^2 is the opposite of 3 squared, what sign does that give the first term? Now, what sign do you get when you multiply three negative numbers together for the second term?",False,0,,frustrated,False,,False,,"The student is frustrated and has made two critical errors in their latest attempt: 1) They incorrectly calculated -3^2 as (-3)*(-3) = 9, failing to recognize that the exponent applies only to the 3, making it -(3*3) = -9. 2) They incorrectly calculated (-2)^3 as 8, failing to recognize that multiplying three negative numbers results in a negative number, making it -8. Do not ask them to redo the whole thing. Instead, explicitly clarify the order of operations for -3^2 (is the negative sign part of the base?) and ask them to re-evaluate just the sign of the second term (-2)^3 based on the rule of multiplying odd numbers of negatives. Guide them to see that the first term is -9 and the second is -8, then ask what the sum of these two negative numbers is.",,,,,,
6,struggle_03_run1,multi,So -3 ^ 2 = -(3) * (3) = -9,"Good, you got -9 for the first term. Now, what do you get when you multiply three negative twos together for the second term?",False,0,,confused,False,,False,,"You have correctly determined that -3^2 equals -9. Now, apply the same logic to the second term: (-2)^3. Remember, the parentheses mean the negative sign is part of the base being cubed. Calculate (-2) * (-2) * (-2) and tell me the result.",,,,,,
7,struggle_03_run1,multi,"The calculation of (-2)^3 is wrong too? (-2)^3 = -2 * (-2) * (-2) = 4 * (-2) = -8, correct?","Yes, -8 is correct for the second term. Now, what is the final result when you add -9 and -8 together?",False,0,,confused,False,,False,,"You have correctly identified that (-2)^3 equals -8. You also correctly determined that -3^2 equals -9. Now, combine these two results to find the final answer for the entire expression: -9 + (-8). What is the sum?",,,,,,
8,struggle_03_run1,multi,"Then finally next step, -9 + -8, 9 + 8 = 17 so the answer is -17","You correctly found the sum of the absolute values, but what sign should the result have when adding two negative numbers?",False,0,,confused,False,,False,,"You correctly identified the individual terms as -9 and -8. However, when adding two negative numbers like -9 + (-8), the result must be more negative, not positive. Review the rule for adding numbers with the same sign: add their absolute values and keep the common sign. What is the correct sum of -9 and -8?",,,,,,
9,struggle_03_run1,multi,"Go through the calculation again, fine,  -3^2 = -9 and (-2)^3 = -8, the sum of the two numbers is -17","You correctly found the values -9 and -8, but what sign must the final sum have when you add two negative numbers together?",False,0,,confused,False,,False,,"You have correctly identified that -3^2 equals -9 and (-2)^3 equals -8. You also correctly calculated the sum of the absolute values (9 + 8 = 17). However, you are adding two negative numbers (-9 and -8). When you add two negative numbers, what is the sign of the result? Please state the final answer with the correct sign.",,,,,,
10,struggle_03_run1,multi,The negative sign was the reason I couldn’t get the correct answer.,You've identified the missing negative sign; what is the final result when you apply it to the sum of 9 and 8?,False,0,,frustrated,False,,False,,"You have correctly identified the values -9 and -8. Now, focus strictly on the operation: when you add two negative numbers (-9 + -8), what is the sign of the result? Do not just add the absolute values; determine the correct sign for the sum of two negatives.",,,,,,
1,struggle_04_runl,multi,I need help with the following question: 2/3 * x = 10,"To isolate x, what operation should you perform on both sides to undo the multiplication by 2/3?",False,0,,confused,False,,False,,"The student has just presented the equation 2/3 * x = 10 and has not yet performed any steps. Since the goal is to clarify the multiplication concept, guide the student to identify the operation being performed on x (multiplication by 2/3) and ask what inverse operation is needed to isolate x. Do not solve for x yet; focus on setting up the correct step to undo the multiplication.",,,,,,
2,struggle_04_runl,multi,"I’ll minus 10 on the both side of the equation first, 2/3 * x - 10 = 0","Subtracting 10 doesn't undo the multiplication by 2/3, so what operation would actually isolate x?",False,0,,confused,False,,False,,"The student attempted to isolate x by subtracting 10 from both sides, but this is incorrect because the term being multiplied by x is 2/3, not 10. The operation to undo multiplication by 2/3 is division by 2/3 (or multiplication by its reciprocal, 3/2). Please guide the student to recognize that they should divide both sides by 2/3 (or multiply by 3/2) instead of subtracting 10. Ask: 'What operation undoes multiplying by 2/3? How can we use that to isolate x on the left side?'",,,,,,
3,struggle_04_runl,multi,It was wrong? But I removed the same number from the both side of the equation.,"You did follow the balance rule, but subtraction undoes addition, not multiplication. What operation specifically undoes multiplying by 2/3 to isolate x?",False,0,,confused,False,,False,,"You are correct that we must perform the same operation on both sides, but the goal is to isolate x. Since x is being multiplied by 2/3, subtracting 10 does not undo that multiplication. What is the inverse operation of multiplying by 2/3?",,,,,,
4,struggle_04_runl,multi,What reciprocal? I don’t get it. That sounds like a difficult word. ,"Think of the reciprocal as the number that turns 2/3 into 1 whole, like how 3/2 undoes 2/3. If we multiply both sides by 3/2, what do you think happens to the x?",False,0,,confused,False,,False,,"The student is confused by the term 'reciprocal'. Do not use the word 'reciprocal' yet. Instead, explain the concept using a simple, concrete example: 'If you have 2 apples and want to get back to 1 whole group, you divide by 2. Similarly, if you have 2/3 of a pizza, what number do you multiply by to get 1 whole pizza?' Guide the student to realize that multiplying 2/3 by 3/2 equals 1, and then ask them to apply this same logic to the equation 2/3 * x = 10 to isolate x.",,,,,,
5,struggle_04_runl,multi,"Flip the fraction? That sounds easy, and fun. ",That's the right idea! Can you write out the full equation showing 3/2 multiplied by both the left side and the right side?,False,0,,confident,False,,False,,"Great! You are right that 'flipping the fraction' (using the reciprocal) is the key step. Since we need to undo the multiplication by 2/3, we will multiply both sides of the equation by 3/2. Can you write out what the equation looks like after we multiply both sides by 3/2? Remember to apply this to both the left side (2/3 * x) and the right side (10).",,,,,,
6,struggle_04_runl,multi,"2/3 flipped is 3/2, and to multiply it on the both side of the equation. ","You found the right reciprocal, but can you write the full equation showing 3/2 multiplied by both the left side and the right side?",False,0,,confused,False,,False,,"The student has correctly identified the reciprocal (3/2) and the strategy to multiply both sides. However, they have not yet written out the actual equation with the multiplication applied. Ask the student to write the full equation showing 3/2 multiplied by the left side (2/3 * x) and the right side (10), without solving it yet.",,,,,,
7,struggle_04_runl,multi,"2/3 * x * 3/2 = 10 * 3/2, 5/5 * x = 13/2, so the answer is 13/2","You correctly flipped the fraction, but 2/3 times 3/2 equals 1, not 5/5. Can you rewrite the full equation with the correct result of 10 times 3/2?",False,0,,confused,False,,False,,"The student correctly identified the reciprocal (3/2) and set up the multiplication on both sides (2/3 * x * 3/2 = 10 * 3/2). However, there are two critical errors in the simplification: 1) On the left side, 2/3 * 3/2 equals 1 (or 6/6), not 5/5. 2) On the right side, 10 * 3/2 equals 15, not 13/2. Please guide the student to correct the multiplication of the fractions on both sides to find the correct value for x.",,,,,,
8,struggle_04_runl,multi,"I can’t add denominators and numerators, weird rules again.",Multiplying fractions is different from adding them because we multiply the top numbers together and the bottom numbers together. Can you try calculating 2/3 times 3/2 and 10 times 3/2 using that rule?,False,0,,confused,False,,False,,"The student is confusing the rule for multiplying fractions with the rule for adding fractions. They incorrectly calculated 2/3 * 3/2 as 5/5 (adding numerators and denominators) and 10 * 3/2 as 13/2 (adding 10 and 3). Remind the student that when multiplying fractions, we multiply numerators together and denominators together, not add them. Ask them to correctly calculate the product of 2/3 and 3/2, and then separately calculate 10 * 3/2, without adding the numbers.",,,,,,
9,struggle_04_runl,multi,"Then 6/6 * x = 30/2, then the answer is 15","You correctly simplified 6/6 to 1, but what is the actual result of dividing 30 by 2 to find the final value of x?",False,0,,confused,False,,False,,"You correctly calculated that 2/3 * 3/2 equals 6/6 (which is 1) and that 10 * 3/2 equals 30/2. However, you simplified 30/2 to 15, which is incorrect. Please re-calculate 30 divided by 2 to find the correct value for x.",,,,,,
10,struggle_04_runl,multi,"So to go over the question again, I should multiply 3/2 on the both side of the equation, then I get x = 30/2 = 15","You correctly set up x = 30/2, but can you confirm the final value by calculating 30 divided by 2?",False,0,,confused,False,,False,,"You have correctly identified the method (multiplying by 3/2) and the intermediate step (30/2). However, you stated the final answer is 15. Please verify the arithmetic: does 30 divided by 2 equal 15? If not, what is the correct result?",,,,,,
11,struggle_04_runl,multi,3/2 is reciprocal of 2/3,"You've correctly identified the reciprocal, but what is the final value of x when you divide 30 by 2?",False,0,,confused,False,,False,,"You correctly identified that 3/2 is the reciprocal of 2/3, and you correctly set up the equation x = 30/2. However, you have not yet performed the final division to find the value of x. Please calculate 30 divided by 2 to determine the final answer.",,,,,,
1,struggle_05_run1,multi,Could you help me solve the following question: 15 - 3y = 27?,"To isolate the term with y, what happens if you subtract 15 from both sides of the equation?",False,0,,confused,False,,False,,The student has just presented the equation 15 - 3y = 27. No steps have been taken yet. Guide the student to isolate the variable term by subtracting 15 from both sides of the equation. Ask them to write down the resulting equation.,,,,,,
2,struggle_05_run1,multi,"I divide both side by 3, so 15 - y = 9, y = -6","When dividing the entire equation by 3, did you remember to also divide the 15 by 3?",False,0,,confused,False,,False,,"The student attempted to solve 15 - 3y = 27 by dividing both sides by 3, resulting in 15 - y = 9. This step contains a fundamental error: dividing the left side (15 - 3y) by 3 requires dividing *every* term by 3, not just the -3y term. Additionally, the division of 27 by 3 was done correctly, but the left side was handled incorrectly. Please ask the student to re-evaluate the division step: specifically, what is 15 divided by 3, and what is -3y divided by 3? Remind them that the operation must apply to the entire side of the equation.",,,,,,
3,struggle_05_run1,multi,But I have to start with multiplication and division first instead of calculating from left to right. ,You are mixing up the order of operations for evaluating an expression with the steps needed to solve an equation. Can you try adding 15 to both sides of 15 - 3y = 27 to see what happens?,False,0,,confused,False,,False,,"You are correct that multiplication and division are performed before addition and subtraction when evaluating a single expression. However, in an equation like 15 - 3y = 27, we are not just evaluating; we are solving for y. To do this, we must use inverse operations to isolate the variable. Since 3 is being multiplied by y, and 15 is being subtracted from that product, we must undo the subtraction first by adding 15 to both sides. Can you show what the equation looks like after adding 15 to both sides?",,,,,,
4,struggle_05_run1,multi,I see. Then I need to cancel out 15 and 27 on the both side of the equation: -3y - 27 = -15,You subtracted 27 from the left side instead of 15; can you restart with the original equation and write the result of subtracting 15 from both sides without changing the other terms?,False,0,,confused,False,,False,,"Let's carefully check the signs when moving terms. You started with 15 - 3y = 27. If you subtract 15 from both sides, what is the result on the left side (15 - 15 - 3y) and on the right side (27 - 15)? Please write out the new equation step-by-step without combining the 27 and 15 incorrectly.",,,,,,
5,struggle_05_run1,multi,Keep numbers and variable on different side. Then -3y = 27 - 15 = 12,"You have isolated -3y correctly, but what must you do next to find the value of y itself?",False,0,,confused,False,,False,,"You correctly isolated the variable term to get -3y = 12. Now, to find the value of y, what operation must you perform on both sides of the equation to isolate y completely?",,,,,,
6,struggle_05_run1,multi,"Then y = 12/3 = 4, the answer is 4","You divided by 3, but did you remember to divide by the negative sign as well?",False,0,,confident,False,,False,,"You correctly isolated -3y = 12, but when dividing by 3 to solve for y, you must also divide the negative sign. Since -3y divided by 3 is -y, and 12 divided by 3 is 4, what is the correct value of y?",,,,,,
7,struggle_05_run1,multi,"-3y = 12, y = -12/3 = -4, the answer is -4","Great job correcting the sign! Since you divided 12 by 3, what number must you divide by to isolate y from -3y?",False,1,,confident,False,,False,,"You have correctly isolated the variable term and performed the division. Before we finalize, let's reflect: You started with 15 - 3y = 27. You correctly moved 15 to the right side to get -3y = 12. Then you correctly identified that dividing 12 by -3 gives -4. Does your final answer of -4 make sense when you plug it back into the original equation 15 - 3y = 27? Walk through that verification step to confirm your result.",,,,,,
8,struggle_05_run1,multi,"I move 15 to the right side of the equation and keep -3y on the left side of the equation, that ensures the correct result.","You've correctly isolated -3y, but what number must you divide both sides by to find the value of y?",False,1,,confused,False,,False,,"The student has correctly isolated -3y = 12 in a previous turn, but their latest statement ('I move 15 to the right side...') suggests they are either re-doing a step already completed or confusing the current state. Do not ask them to restart the isolation. Instead, acknowledge that -3y = 12 is the current state and ask specifically: 'Since -3y equals 12, what number must you divide both sides by to isolate y? Remember to consider the sign of the coefficient.'",,,,,,
9,struggle_05_run1,multi,I don’t need to follow the left to right rule for solving this equation. ,"You're right that order doesn't matter, but what specific number must you divide both sides by to isolate y from -3y?",False,1,,confident,False,,False,,"You are correct that the left-to-right rule for order of operations doesn't apply here because we are solving an equation, not just evaluating an expression. However, to find the value of y, you must still perform the correct algebraic operation on both sides. Since you have isolated -3y = 12, what specific number must you divide both sides by to isolate y?",,,,,,
1,struggle_06_run1,multi,How can I simplify 1/2 + 3/5 / 9/10 - 1/3?,"Before adding or subtracting, which operation should you perform first in this expression?",False,0,,confused,False,,False,,"Let's start by identifying the order of operations in the expression 1/2 + 3/5 / 9/10 - 1/3. According to PEMDAS, division must be performed before addition and subtraction. Which part of the expression should we calculate first?",,,,,,
2,struggle_06_run1,multi,"I start with 1/2 + 3/5 = 4/8, then 4/8 / 9/10","You added before dividing, but the order of operations requires you to handle the division first. Which part of the expression should you calculate before adding 1/2?",False,0,,confused,False,,False,,"You have made two critical errors in your first step. First, you ignored the Order of Operations (PEMDAS/BODMAS): division must be performed before addition, so you cannot add 1/2 and 3/5 yet. Second, your calculation of 1/2 + 3/5 is incorrect; the sum is not 4/8. Please restart by identifying the very first operation you must perform in the expression 1/2 + 3/5 / 9/10 - 1/3.",,,,,,
3,struggle_06_run1,multi,"Got it, we start from 3/5 / 9/10, 3/5 / 9/10 = (3/9) / (5/10) = 1/3 / 1/2",Your method of splitting the numerator and denominator separately is invalid for division. How can you rewrite 3/5 divided by 9/10 as a multiplication problem to find the correct result?,False,0,,confused,False,,False,,"You correctly identified that division comes first, but your method of splitting the fraction 3/5 divided by 9/10 into (3/9) divided by (5/10) is incorrect. When dividing fractions, you must multiply the first fraction by the reciprocal of the second. Please rewrite 3/5 ÷ 9/10 as a multiplication problem using the reciprocal of 9/10, and then calculate the result.",,,,,,
4,struggle_06_run1,multi,Do you know which star is the brightest in the night sky? Hint: it’s not Polaris.,Let's get back to the math problem: how can you rewrite 3/5 divided by 9/10 as a multiplication problem using the reciprocal?,False,0,,confused,False,,False,,The student has diverted from the math problem to ask a trivia question about stars. Please gently redirect the student back to the original expression: 1/2 + 3/5 / 9/10 - 1/3. Remind them that we were just discussing how to correctly rewrite the division part (3/5 divided by 9/10) as a multiplication problem. Ask them to perform that specific multiplication step now.,,,,,,
5,struggle_06_run1,multi,I don’t know how to calculate fraction division. ,"To divide by a fraction, you actually multiply by its reciprocal. What number would you multiply 3/5 by to divide it by 9/10?",False,0,,confused,False,,False,,"The student is stuck on the concept of fraction division. Do not solve the problem for them. Instead, guide them to recall the rule: dividing by a fraction is the same as multiplying by its reciprocal. Ask specifically: 'To divide 3/5 by 9/10, what number do you multiply 3/5 by?'",,,,,,
6,struggle_06_run1,multi,"Flipping the denominator and numerator to get the reciprocal? The reciprocal of 3/5 is 5/3, and the reciprocal of 9/10 is 10/9, 3/5 / 9/10 = 5/3 * 10/9 = 50/27","You flipped the first fraction, but you should keep 3/5 and only multiply by the reciprocal of the second fraction. What is the correct multiplication expression for 3/5 divided by 9/10?",False,0,,confused,False,,False,,"You correctly identified that dividing by a fraction is the same as multiplying by its reciprocal. However, you made a mistake in identifying which fraction to flip. In the expression 3/5 / 9/10, you should keep the first fraction (3/5) as it is and only flip the second fraction (9/10) to get 10/9. You incorrectly flipped the first fraction as well. Please rewrite the multiplication step correctly: 3/5 * (reciprocal of 9/10).",,,,,,
7,struggle_06_run1,multi,"Pft, wrong again. Okay, the second fraction only, so 3/5 / 9/10 = 3/5 * 10/9 = 30/45","You set up the multiplication correctly, but 30/45 isn't in its simplest form. What is the greatest common divisor of 30 and 45 that you can use to reduce this fraction?",False,0,,frustrated,False,,False,,"You correctly identified that you need to multiply 3/5 by the reciprocal of 9/10 (which is 10/9). However, you stopped at 30/45. Before moving to the rest of the expression, simplify the fraction 30/45 to its lowest terms. What is the simplified result?",,,,,,
8,struggle_06_run1,multi,Simplify? I don’t get it. What should I do?,Try listing the factors of 30 and 45 to find the largest number that divides both evenly. What number do you think that is?,False,0,,confused,False,,False,,"The student correctly identified the multiplication setup (3/5 * 10/9) but is stuck on simplifying 30/45. Do not ask them to redo the division setup. Instead, guide them to find the Greatest Common Divisor (GCD) of 30 and 45 to reduce the fraction to its simplest form before moving on to the rest of the original expression.",,,,,,
9,struggle_06_run1,multi,"Common number that can divide 30 and 45, 30 = 3 *10 and 45 = 3 * 15, so 30/45 = 10/15","You reduced 30/45 to 10/15, but can you find a common number that divides both 10 and 15 to simplify it further?",False,0,,confused,False,,False,,"You correctly identified that 3 is a common factor, reducing 30/45 to 10/15. However, 10/15 is not yet in its simplest form because 10 and 15 share another common factor. Can you find the greatest common divisor of 10 and 15 to simplify the fraction completely?",,,,,,
10,struggle_06_run1,multi,"Not simplified enough. Okay, then 10 = 5 * 2, and 15 = 5 * 3, so 10/15 = 2/3 ","Great job simplifying to 2/3, but remember you still need to add 1/2 and subtract 1/3 from this result. What common denominator will you use to combine 1/2, 2/3, and 1/3?",False,0,,frustrated,False,,False,,"You have correctly simplified the division part (3/5 ÷ 9/10) to 2/3. Now, look at the original expression again: 1/2 + [result] - 1/3. Substitute your result (2/3) into the expression. What is the new expression you need to solve?",,,,,,
11,struggle_06_run1,multi,"The expression is now 1/2 + 2/3 - 1/3, and the answer is (1 + 2 -1)/(2 + 3 - 3) = 1",You cannot add or subtract denominators like that; what is the smallest number that both 2 and 3 divide into evenly so you can rewrite the fractions?,False,0,,confused,False,,False,,"You have correctly simplified the division part to 2/3, resulting in the expression 1/2 + 2/3 - 1/3. However, your method for combining these fractions is incorrect. You cannot simply add the numerators together and the denominators together (i.e., (1+2-1)/(2+3-3) is not a valid operation). To add or subtract fractions, you must first find a common denominator for 1/2, 2/3, and 1/3. What is the least common multiple of the denominators 2 and 3?",,,,,,
12,struggle_06_run1,multi,"True, you are right, the calculation of fractions should start with finding a common denominator. So the common denominator is 6. Then 1/2 + 2/3 - 1/3 = 3/6 + 4/6 - 2/6","You have the fractions with a common denominator, so what is the result of adding and subtracting the numerators 3, 4, and 2?",False,0,,confused,False,,False,,"You have correctly converted the fractions to a common denominator of 6, resulting in 3/6 + 4/6 - 2/6. Now, perform the addition and subtraction on the numerators only (3 + 4 - 2) while keeping the denominator 6 unchanged. What is the resulting fraction?",,,,,,
13,struggle_06_run1,multi,Now I add numerators only. 3 + 4 - 2 = 5,"You found the numerator is 5, but what happens to the denominator when you combine fractions with a common base?",False,0,,confused,False,,False,,"You have correctly converted the fractions to a common denominator (3/6 + 4/6 - 2/6) and correctly calculated the sum of the numerators (3 + 4 - 2 = 5). Now, remember that the denominator remains the same when adding or subtracting fractions with a common denominator. What is the final fraction with the numerator 5 and the correct denominator?",,,,,,
14,struggle_06_run1,multi,Then the denominator makes the final answer 5/6,Did you remember to perform the division of 3/5 by 9/10 before adding and subtracting the other fractions?,False,0,,confused,False,,False,,"You correctly found the numerator to be 5 and the common denominator to be 6. However, you must verify if 5/6 is the final answer to the *entire* original expression: 1/2 + 3/5 / 9/10 - 1/3. Did you remember to perform the division (3/5 divided by 9/10) before adding and subtracting the other terms? Please re-evaluate the order of operations for the full expression.",,,,,,
15,struggle_06_run1,multi,I have to start with division first in this question instead of from left to right.,Good catch on the order of operations. Can you now calculate the result of dividing 3/5 by 9/10 by multiplying by the reciprocal?,False,0,,confused,False,,False,,"You are correct that division takes precedence over addition and subtraction. Let's apply this to the specific terms in your expression: 1/2 + 3/5 / 9/10 - 1/3. First, identify the division part (3/5 divided by 9/10) and calculate its result. Do not combine it with the other fractions yet; just find the value of that division.",,,,,,
16,struggle_06_run1,multi,I cannot operate numerators and denominators separately in fraction calculations.,"You are right that you can't mix operations that way, but how would you find the result of 3/5 divided by 9/10 by multiplying 3/5 by the reciprocal of 9/10?",False,0,,confused,False,,False,,"You are correct that you cannot simply add or subtract numerators and denominators separately across different operations. Let's focus on the specific step you are stuck on: the division of 3/5 by 9/10. To divide fractions, you must multiply the first fraction by the reciprocal of the second. Can you write out the expression for (3/5) * (10/9) and simplify the numbers before multiplying?",,,,,,
1,struggle_07_run1,multi,How can I simplify (1 + 1/2) / (1 - 3/4)? ,Try rewriting the whole number 1 as a fraction with the same denominator as the other term in the numerator. What would that look like for the top part of your expression?,False,0,,confused,False,,False,,"Let's start by simplifying the numerator and the denominator separately. First, how would you rewrite 1 + 1/2 as a single fraction?",,,,,,
2,struggle_07_run1,multi,"I don’t know, and I’m having headaches now.",Let's pause and just focus on turning 1 into a fraction with a denominator of 2 to find the top part. What would that fraction look like?,False,0,,discouraged,False,,False,,"I hear you, and it's completely understandable to feel frustrated when math gets tricky. Let's pause and take a deep breath. We won't rush. Since the expression (1 + 1/2) / (1 - 3/4) feels overwhelming right now, let's try a much simpler version first to rebuild your confidence. Can you tell me what 1 + 1/2 equals if we just look at the top part? We can take it one tiny step at a time.",,,,,,
3,struggle_07_run1,multi,"Fine, the result is (1/2)/(3/4). ",You jumped to the final fraction without first finding the correct sum for the top part. Can you try rewriting 1 as 2/2 and adding it to 1/2 to see what the numerator should actually be?,False,0,,confused,False,,False,,"The student has incorrectly simplified the numerator and denominator separately. The numerator (1 + 1/2) should be 3/2, not 1/2, and the denominator (1 - 3/4) should be 1/4, not 3/4. Please guide the student to correctly calculate the value of the numerator (1 + 1/2) and the denominator (1 - 3/4) individually before attempting to divide them.",,,,,,
4,struggle_07_run1,multi,"Because I simplified the fraction, so 1/2 remains as numerator and 3/4 remains as denominator.",You can't just keep the fractions inside the parentheses without adding or subtracting them first. Can you try rewriting 1 as 2/2 to find the true value of the top part before moving on?,False,0,,confused,False,,False,,"The student has incorrectly assumed that the numerator (1 + 1/2) simplifies directly to 1/2 and the denominator (1 - 3/4) simplifies directly to 3/4, ignoring the addition and subtraction operations. The current phase is correcting this fundamental misunderstanding of the order of operations. Do not ask the student to redo the entire problem from scratch, but specifically ask them to calculate the value of the numerator (1 + 1/2) first by converting 1 to 2/2, and then calculate the value of the denominator (1 - 3/4) by converting 1 to 4/4. Remind them that the expression is a fraction where the top and bottom must be fully simplified *before* dividing the two results.",,,,,,
5,struggle_07_run1,multi,But I should start with the division or multiplication.,You must finish adding the numbers in the top part before you can divide. Can you try rewriting 1 as 2/2 and adding it to 1/2 to find the true value of the numerator?,False,0,,confused,False,,False,,"You are correct that division is the final operation, but you must simplify the numerator and denominator *before* performing that division. You previously stated the result is (1/2)/(3/4), but you skipped the step of adding 1 + 1/2 in the numerator. Please rewrite 1 as 2/2 and add it to 1/2 to find the correct value for the top part of the fraction.",,,,,,
6,struggle_07_run1,multi,"OK, then parentheses first. Every time you tell me a new rule, annoying.","I hear your frustration, but let's try just one step: if you rewrite 1 as 2/2, what do you get when you add it to 1/2?",False,0,,frustrated,False,,False,,"I understand the frustration, but we cannot skip the addition inside the parentheses. You correctly identified that we must handle the top part first, but you haven't actually calculated the sum yet. Please rewrite 1 as 2/2 and add it to 1/2 to find the single fraction that represents the top part of the expression.",,,,,,
7,struggle_07_run1,multi,"1 + 1/2 = 3/2, 1 - 3/4 = 1/4",You found the top and bottom parts correctly; what happens when you divide 3/2 by 1/4?,False,0,,confused,False,,False,,"You have correctly calculated the numerator (3/2) and the denominator (1/4). Now, to solve the original problem, you need to divide the numerator by the denominator. Set up the expression as (3/2) ÷ (1/4) and explain how to perform this division using the reciprocal rule.",,,,,,
8,struggle_07_run1,multi,So the final answer is (3/2)/(1/4),"You have the fraction ready, but how do you turn dividing by 1/4 into a multiplication to find the final number?",False,0,,confused,False,,False,,"You have correctly simplified the numerator to 3/2 and the denominator to 1/4. Now, to find the final answer, you need to perform the division: (3/2) ÷ (1/4). Remember that dividing by a fraction is the same as multiplying by its reciprocal. What is the reciprocal of 1/4, and what is the result of multiplying 3/2 by that reciprocal?",,,,,,
9,struggle_07_run1,multi,Not yet? But the numerator and denominator are clear now. ,"You have the parts ready, but how can you turn dividing by 1/4 into a multiplication to find the final single number?",False,0,,confused,False,,False,,"You have correctly identified the numerator as 3/2 and the denominator as 1/4. The expression is now (3/2) ÷ (1/4). To simplify this, remember that dividing by a fraction is the same as multiplying by its reciprocal. What is the reciprocal of 1/4, and how would you rewrite the expression as a multiplication problem?",,,,,,
10,struggle_07_run1,multi,"So now I have to simplify (3/2)/(1/4), what to do first?","What is the reciprocal of 1/4, and how can you rewrite the division as a multiplication using it?",False,0,,confused,False,,False,,"You have correctly set up the division as (3/2) ÷ (1/4). To solve this, recall the rule for dividing fractions: multiply the numerator by the reciprocal of the denominator. What is the reciprocal of 1/4, and how would you rewrite the expression as a multiplication problem?",,,,,,
11,struggle_07_run1,multi,"Rewrite it to multiplication, so 3/2 * 1/4",You used the original fraction instead of its reciprocal; what number do you get when you flip 1/4?,False,0,,confused,False,,False,,"You correctly identified the parts of the expression (3/2 and 1/4), but there is a critical error in how you converted the division to multiplication. When dividing by a fraction, you must multiply by its **reciprocal** (flip the fraction). The reciprocal of 1/4 is 4/1, not 1/4. Please rewrite the expression correctly as 3/2 multiplied by the reciprocal of 1/4.",,,,,,
12,struggle_07_run1,multi,"Multiplication with the reciprocal, 2/3 * 4 = 8/3, the answer is 8/3",You flipped the wrong fraction; which number should stay as 3/2 while you flip 1/4 to multiply?,False,0,,confused,False,,False,,"You have correctly identified the reciprocal of 1/4 as 4, but you made a mistake in the setup. The original expression is (3/2) divided by (1/4). When you rewrite this as multiplication, it should be 3/2 multiplied by 4, not 2/3 multiplied by 4. You accidentally flipped the numerator (3/2) as well. Please correct the multiplication setup using the correct numerator (3/2) and the reciprocal of the denominator (4), then calculate the result.",,,,,,
13,struggle_07_run1,multi,Only flip the second fraction not both? 3/2 * 4 instead?,"Yes, keep 3/2 and flip 1/4 to get 3/2 times 4. What is the final result when you multiply 3 by 4 and divide by 2?",False,0,,confused,False,,False,,"You are correct that only the second fraction (the divisor) should be flipped. You have correctly identified the setup as 3/2 * 4. Now, perform the multiplication: multiply the numerator 3 by 4, and keep the denominator 2. What is the resulting fraction?",,,,,,
14,struggle_07_run1,multi,"3/2 * 4 = 12/2, the answer is 12/2","You found 12/2, but what whole number do you get when you divide 12 by 2?",False,0,,confused,False,,False,,"You correctly identified that you should keep 3/2 and multiply by the reciprocal of 1/4, which is 4. However, you calculated 3/2 * 4 as 12/2. Let's verify the multiplication step: When you multiply a fraction by a whole number (3/2 * 4), you multiply the numerator (3) by the whole number (4) to get 12, and keep the denominator (2). So 12/2 is the correct intermediate result. Now, the final step is to simplify the fraction 12/2. What is 12 divided by 2?",,,,,,
15,struggle_07_run1,multi,"Simplify? Ah, okay. 12/2 = 6, the final answer is 6","Great job simplifying 12/2 to 6! Now, can you explain why we multiply by the reciprocal instead of just dividing by the original fraction?",True,1,,confident,False,,False,,"The student has correctly calculated the final division step (12/2 = 6), but this result is incorrect because it stems from a fundamental error in the earlier steps of the problem. The original expression is (1 + 1/2) / (1 - 3/4). The student incorrectly treated the denominator (1 - 3/4) as 1/4 and then multiplied by its reciprocal, but they also failed to correctly simplify the numerator (1 + 1/2) and the denominator (1 - 3/4) before performing the division. Specifically, the student arrived at 3/2 * 4, which implies they calculated the numerator as 3/2 (correct) but the denominator as 1/4 (incorrect, it should be 1/4, but the operation is division by 1/4, which is multiplication by 4, so the setup 3/2 * 4 is actually correct for the division step IF the denominator was 1/4. Wait, let's re-verify: (1+1/2) = 3/2. (1-3/4) = 1/4. So (3/2) / (1/4) = 3/2 * 4 = 12/2 = 6. The student's calculation 3/2 * 4 = 6 is actually mathematically correct for the expression (1+1/2)/(1-3/4). The student's answer 6 is correct. The previous system messages in the history were confusing the student by suggesting they flipped the wrong fraction, but the student's final calculation 3/2 * 4 = 6 is correct. The error in the history was the system's confusion, not the student's. The student has correctly solved the problem. The answer is 6. I should set problem_solved to true.",,,,,,
16,struggle_07_run1,multi,I had to start with the calculations inside of the parentheses first.,"You correctly found 12/2, but what whole number do you get when you divide 12 by 2?",True,2,,confused,False,,False,,"The student has correctly identified the order of operations (parentheses first) and arrived at the correct final answer of 6. However, their explanation ('I had to start with the calculations inside of the parentheses first') is a procedural statement, not a conceptual explanation of *why* we multiply by the reciprocal. The previous system prompt asked for the 'why', but the student answered with the 'how'. The next step is to guide the student to reflect on the difference between the procedure they followed and the conceptual reason for using reciprocals in fraction division.",,,,,,
17,struggle_07_run1,multi,I only needed to flip the second fraction when rewriting fraction division to multiplication.,Great job! You solved it. Want to try another problem?,True,2,,confused,False,,False,,Session complete after 2 reflections.,,,,,,
1,struggle_08_run1,multi,How do I solve (a + 4)/3 - (a - 2)/2 = 1?,"To clear the fractions, what number could you multiply every term in the equation by?",False,0,,confused,False,,False,,"To solve this equation, the first step is to eliminate the fractions by finding the least common denominator (LCD) for 3 and 2. What is the LCD, and how would you multiply every term in the equation by this number to clear the denominators?",,,,,,
2,struggle_08_run1,multi,"I move the numbers to the right side of the equation and keep the variable on the left side, (a + 4) - (a - 2) =1 - 1/3 + 1/2",You can't just move terms around without first clearing the fractions. What is the least common multiple of 3 and 2 that you could multiply every single term by to eliminate them?,False,0,,confused,False,,False,,"The student attempted to solve the equation by moving terms, but the resulting equation (a + 4) - (a - 2) = 1 - 1/3 + 1/2 is incorrect. The student failed to multiply every term by the common denominator (6) to clear the fractions, and instead incorrectly split the fractions and moved terms without maintaining equality. Additionally, the variable 'a' was not isolated correctly because the terms (a+4) and (a-2) still contain the variable. Please guide the student to restart the process by identifying the correct common denominator for the fractions 1/3 and 1/2, and then demonstrate how to multiply every single term in the original equation by this number to eliminate the fractions.",,,,,,
3,struggle_08_run1,multi,"Not again! I followed the rules. Wait, so I need to start from the parentheses first? Then (a + 4)/3 = a/3 + 4/3, (a - 2)/ 2 = a/2 - 2/2, so the equation becomes a/3 + 4/3 - a/2 - 2/2 = 1","You correctly expanded the terms, but did you notice the negative sign in front of the second fraction should have changed the sign of the constant term? Please rewrite the full equation with the corrected signs so we can proceed.",False,0,,frustrated,False,,False,,"You correctly expanded the terms, but there is a sign error in your distribution. When you distribute the negative sign in -(a - 2)/2, it becomes -a/2 + 2/2, not -a/2 - 2/2. Please rewrite the equation with the correct signs before we proceed to combine like terms.",,,,,,
4,struggle_08_run1,multi,"Then I can move the variables on the left side, a/3 - a/2 = 1 - 4/3 + 2/2 = -4/3","You missed that 2/2 equals 1, so the right side actually sums to 2/3 instead of -4/3. Can you rewrite the equation with this corrected value and then combine the variable terms?",False,0,,confused,False,,False,,"You have correctly expanded the terms, but there are two critical errors in your latest step. First, when you moved the constant terms to the right side, you wrote '+ 2/2', but the original term was '- 2/2' (which is -1). Moving a negative term to the other side makes it positive, so the right side should be 1 - 4/3 + 1. Second, your calculation of the right side is incorrect: 1 - 4/3 + 1 equals 2/3, not -4/3. Please rewrite the equation with the correct signs and recalculate the right side before we combine the variable terms.",,,,,,
5,struggle_08_run1,multi,"Finding common denominator first? I want to have a cake now, or candy. Anything sweet.",Let's save the sweets for after we finish the math! Can you first calculate what 2 minus 4/3 equals to get the correct number on the right side?,False,0,,confused,False,,False,,"I see you're feeling a bit overwhelmed and looking for a treat! Let's take a deep breath and tackle this one step at a time. You mentioned finding a common denominator, which is a great strategy. However, before we combine the fractions, we need to fix a small error in your previous step where you moved the terms. You wrote the right side as -4/3, but let's re-calculate 1 - 4/3 + 2/2 carefully. Since 2/2 is 1, the expression becomes 1 - 4/3 + 1. Can you calculate what 1 + 1 - 4/3 equals? Once we have the correct right side, we can then focus on combining the variable terms on the left side (a/3 - a/2) using a common denominator.",,,,,,
6,struggle_08_run1,multi,"Common denominator, what is it again? To flip the fraction?","No, flipping is for reciprocals, not common denominators. What is the smallest number that both 3 and 2 divide into evenly?",False,0,,confused,False,,False,,"The student is confusing the concept of a common denominator with 'flipping' a fraction. Clarify that a common denominator is a shared number (like 6) that allows us to combine fractions, not a rule to flip them. Then, guide the student to identify the Least Common Multiple (LCM) of 3 and 2 to clear the fractions from the equation (a + 4)/3 - (a - 2)/2 = 1, rather than trying to combine terms with different denominators yet.",,,,,,
7,struggle_08_run1,multi,"So the number can be divided by 2 and 3, I see, 12 is the common denominator. ","Actually, 6 is the smallest number divisible by both 2 and 3, so let's use that as our common denominator. Can you rewrite the original equation by multiplying every term by 6 to clear the fractions?",False,0,,confused,False,,False,,"The student has incorrectly identified the common denominator as 12. The smallest number divisible by both 2 and 3 is 6, not 12. Please correct this misconception and ask the student to rewrite the equation using 6 as the common denominator to clear the fractions.",,,,,,
8,struggle_08_run1,multi,"Why I have to find another one? 12 works, right?","Yes, 12 works, but using the smallest number 6 keeps the math simpler. Can you try multiplying every term in the equation by 6 to clear the fractions?",False,0,,confident,False,,False,,"The student is confused about the choice of common denominator. While 12 is a common multiple, 6 is the *least* common denominator (LCD). Clarify that using 6 is more efficient but 12 is mathematically valid, though it requires an extra simplification step. Ask the student to proceed with multiplying every term in the original equation by 6 to clear the fractions, as this is the standard next step we agreed on.",,,,,,
9,struggle_08_run1,multi,Then 6. And the equation can be written as 2(a + 4)/6 - 3(a - 2)/6 = 1,You kept the denominators instead of canceling them out. What happens to the 6s when you multiply the entire equation by 6?,False,0,,confused,False,,False,,"You are on the right track by choosing 6 as the common denominator, but there is a mistake in how you applied it to the right side of the equation. When you multiply the entire equation by 6, you must multiply the '1' on the right side by 6 as well. Additionally, look at the left side: you wrote the terms as fractions over 6 (like 2(a+4)/6), but the goal of multiplying by 6 is to cancel out the denominators completely. Can you rewrite the equation by showing the multiplication of every term by 6, and then simplify by canceling the denominators to get the equation without fractions?",,,,,,
10,struggle_08_run1,multi,1 needs to be written as a fraction with 6 as denominator too? I don’t get it. 1 is a whole number.,"You don't need to turn 1 into a fraction; instead, think about what happens when you multiply that 1 by 6. What number should replace the 1 on the right side of your equation?",False,0,,confused,False,,False,,"You are correct that 1 is a whole number, but to multiply the entire equation by 6, we treat it as 1. When you multiply the right side (1) by 6, what is the result? Remember, the goal is to cancel the denominators on the left side, so the 6s in the denominators and the 6 you are multiplying by should disappear, leaving just the numerators. Please write the new equation with the denominators removed and the right side updated.",,,,,,
11,struggle_08_run1,multi,"You mean 2(a + 4)/6 - 3(a - 2)/6 = 6/6, correct? Ah, so I can solve this equation instead, 2(a + 4) - 3(a - 2) = 6","Great job clearing the fractions to get 2(a + 4) - 3(a - 2) = 6. Now, what happens when you distribute the 2 and the -3 into their respective parentheses?",False,0,,confused,False,,False,,"You have correctly identified that multiplying the entire equation by 6 clears the denominators, leading to the equation 2(a + 4) - 3(a - 2) = 6. Now, please expand the terms inside the parentheses by distributing the 2 and the -3. Be very careful with the negative sign in front of the 3 when distributing it to the -2 inside the second set of parentheses.",,,,,,
12,struggle_08_run1,multi,Then I divide 3 and 2 on the both sides and then can move the numbers to the right side. ,"Before moving numbers, what do you get when you distribute the 2 and -3 into the parentheses?",False,0,,confused,False,,False,,"The student has correctly cleared the fractions to reach 2(a + 4) - 3(a - 2) = 6. However, their latest statement suggests a misunderstanding of the next step. They mentioned 'dividing 3 and 2 on both sides,' which is incorrect; the next step is to distribute the 2 and the -3 into the parentheses. Additionally, they seem confused about moving terms before expanding. Do not ask them to divide. Instead, ask them to specifically expand the terms 2(a + 4) and -3(a - 2) to see what the equation looks like before moving any numbers. Remind them that the -3 must be distributed to both 'a' and '-2'.",,,,,,
13,struggle_08_run1,multi,I should expand the terms inside parentheses instead? You mean to do something like 2(a + 4) = 2a + 8 and 3(a - 2) = 3a - 6,"You correctly expanded the first part, but did you remember to apply the negative sign from -3 to both terms inside the second parentheses? Please write out the full expanded equation with the correct result for -3(a - 2).",False,0,,confused,False,,False,,"You are on the right track identifying the expansion of the terms. You correctly expanded 2(a + 4) to 2a + 8. However, you need to be careful with the second part: the equation has a minus sign before the second parenthesis, so you are distributing -3, not just 3. When you expand -3(a - 2), what do you get for the constant term? Remember that a negative times a negative is a positive.",,,,,,
14,struggle_08_run1,multi,"So the left side is 2a + 8 - 3a -6, the equation is 2a + 8 - 3a -6 = 6, then I can move the numbers to the right side and keep the variables on the left side. ",Did you remember that distributing the negative sign in -3(a - 2) turns the -6 into +6? How does that change the constant terms when you combine 8 and 6 on the left side?,False,0,,confused,False,,False,,"You have correctly identified the goal of moving constants to the right and variables to the left, but there is a sign error in your expansion of the second term. When you distribute -3 into (a - 2), the result is -3a + 6, not -3a - 6. Please rewrite the full expanded equation with the correct sign for the constant term, and then combine the like terms (2a - 3a and 8 + 6) to simplify the left side.",,,,,,
15,struggle_08_run1,multi,"Negative? That’s annoying, that’s why I hate math, there  2a + 8 - 3a + 6 = 6","I hear your frustration, but you're actually very close since you correctly fixed the sign. Can you now combine the 'a' terms and the numbers on the left side to simplify the equation?",False,0,,frustrated,False,,False,,"I understand this is frustrating, but let's pause and look closely at the signs. You wrote the equation as 2a + 8 - 3a + 6 = 6. Let's verify the distribution of -3 into (a - 2). When you multiply -3 by -2, what sign do you get? Does that match the +6 you wrote, or should it be different? Please re-calculate just that specific part: -3 * -2.",,,,,,
16,struggle_08_run1,multi,Then I subtract 6 and 8 on the both sides 2a - 3a = -8,"You subtracted 8 and 6, but since they are positive on the left, moving them to the right makes them negative. What happens to the right side when you correctly move +8 and +6 as -8 and -6?",False,0,,confused,False,,False,,"Let's pause and check the signs carefully before moving terms. You wrote '2a + 8 - 3a + 6 = 6'. When you move the constants (+8 and +6) to the right side to isolate the variables, what sign do they become? Also, verify the result of combining 2a and -3a on the left side.",,,,,,
17,struggle_08_run1,multi,"Left side of the equation is -a, -a = -8, hence the answer is 8","You correctly found the left side is -a, but did you check what 6 minus 8 minus 6 equals on the right side?",False,0,,confused,False,,False,,"You correctly identified that the left side simplifies to -a. However, let's double-check the right side. You previously had the equation 2a + 8 - 3a + 6 = 6. When you moved the constants +8 and +6 to the right side, they became -8 and -6. What is the result of 6 - 8 - 6? Please calculate the correct value for the right side before solving for a.",,,,,,
18,struggle_08_run1,multi,Finding the common denominator should be the first step of this problem.,"Since there are no fractions in this equation, a common denominator isn't needed. Can you try combining the 'a' terms and the numbers on the left side of 2a + 8 - 3a + 6 = 6?",False,0,,confused,False,,False,,"The student has correctly identified that finding a common denominator is the necessary first step, but they have regressed from the previous work where they had already expanded the terms to 2a + 8 - 3a + 6 = 6. Do not ask them to re-expand or re-find the denominator. Instead, guide them to combine the like terms on the left side (2a - 3a and 8 + 6) to simplify the equation before moving any terms to the right side. Ask: 'Now that we have 2a + 8 - 3a + 6 = 6, what is the result of combining the 'a' terms and the constant numbers on the left side?'",,,,,,
19,struggle_08_run1,multi,The whole number 1 should be considered as 6/6 in this question for simplifying expression.,"Since there are no fractions in this equation, why would you need to convert the number 1 into 6/6? Can you instead try combining the 'a' terms and the constant numbers on the left side of 2a + 8 - 3a + 6 = 6?",False,0,,confused,False,,False,,"The student is incorrectly trying to convert the integer 1 into a fraction (6/6) to find a common denominator, despite the equation already being cleared of fractions in previous steps. The current state of the equation is 2a + 8 - 3a + 6 = 6. Do not introduce new fractions. Instead, guide the student to combine the like terms on the left side (2a and -3a, and 8 and 6) to simplify the expression before moving terms to the right side.",,,,,,
1,struggle_09_run1,multi,How to solve the following question: (2x - 1)/3 - (x + 3)/4 = (x + 1)/6 + 1/2?,"To clear the fractions, what is the smallest number that 3, 4, and 6 all divide into evenly? Multiplying every term by this number will simplify the equation.",False,0,,confused,False,,False,,"To solve the equation (2x - 1)/3 - (x + 3)/4 = (x + 1)/6 + 1/2, the first step is to eliminate the fractions. Identify the Least Common Multiple (LCM) of the denominators 3, 4, and 6. Then, explain what happens when you multiply every single term on both sides of the equation by this LCM.",,,,,,
2,struggle_09_run1,multi,"I need to move (x + 1)/6 to the left side of the equation, (2x - 1)/3 - (x + 3)/4 - (x + 1)/6 = 1/2","You have correctly grouped the variable terms on the left, but how can you combine these three fractions into a single expression?",False,0,,confused,False,,False,,"You have correctly moved the term (x + 1)/6 to the left side, changing its sign to negative. Now, before we proceed to combine these fractions, let's verify the signs on the right side. The original equation had + 1/2 on the right. Since you only moved the x-term, the 1/2 should remain on the right side. Can you confirm the current state of the right side of your equation?",,,,,,
3,struggle_09_run1,multi,"Then I move the fractions to the right side, 2x - x - x = 1/2 + 1/3 + 1/4 + 1/6. Then I get 0x, so x = 0",You dropped the constants inside the numerators when moving terms; how would the equation look if you carefully kept the -1 and -3 on the left side?,False,0,,confused,False,,False,,"You made a critical error when moving terms across the equals sign. When you move a term like -(x+3)/4 to the right side, it becomes +(x+3)/4, but you must also distribute the negative sign correctly if you are moving the entire numerator. More importantly, look at your step: '2x - x - x'. You treated the numerators (2x-1) and (x+3) as if they were just 2x and x, completely ignoring the constants -1 and +3. You cannot simply drop the constants when moving terms. Please rewrite the equation by moving all variable terms to the left and all constant terms to the right, ensuring you correctly handle the signs of the constants -1, -3, +1, and +1/2.",,,,,,
4,struggle_09_run1,multi,"Finding common denominator, huh, then the common denominator of 3 and 6 is 6, so I can rewrite (2x - 1)/3 to 2(2x - 1)/6. ","You found the common denominator for 3 and 6, but what is the smallest number that 3, 4, and 6 all divide into evenly?",False,0,,confused,False,,False,,"You correctly identified that the common denominator for 3 and 6 is 6, and you correctly rewrote (2x - 1)/3 as 2(2x - 1)/6. However, the original equation also contains a term with a denominator of 4: -(x + 3)/4. To clear all fractions at once, you need a common denominator that 3, 4, and 6 all divide into evenly. What is the smallest number that 3, 4, and 6 all divide into? Once you find that number, explain how you would multiply every term in the original equation by it to eliminate the fractions.",,,,,,
5,struggle_09_run1,multi,"I need to find a common denominator for 3, 4, 6 and 2 instead? But 1/2 is a fraction already, I don’t need to find a common denominator for it.","You do need to include the denominator 2 from the 1/2 term when finding the common number for all fractions. What is the smallest number that 3, 4, 6, and 2 all divide into evenly?",False,0,,confused,False,,False,,"You are correct that 1/2 is already a fraction, but to clear ALL fractions from the equation at once, we need a single common denominator that works for 3, 4, 6, AND 2. The number 12 is the smallest number that all four denominators divide into evenly. If we multiply every single term in the original equation by 12, the fractions will disappear. Can you write out what the equation looks like after multiplying every term by 12?",,,,,,
6,struggle_09_run1,multi,"I see. Then find a common denominator. 3, 2 and 6 have the common denominator 6, but 4 can’t fit in.","Since 4 doesn't fit into 6, can you list the multiples of 4 to find the smallest number that 3, 4, 6, and 2 all divide into evenly?",False,0,,confused,False,,False,,"You are correct that 4 does not divide into 6. To find the common denominator for 3, 4, 6, and 2, we need the smallest number that all of them divide into evenly. Let's list the multiples of 4: 4, 8, 12, 16... Which of these is also divisible by 3, 6, and 2? Once you identify this number, we can rewrite all fractions with this common denominator.",,,,,,
7,struggle_09_run1,multi,"Then the common denominator is 10, because 4 + 6 = 10.","Adding the numbers doesn't find a common denominator; can you list the multiples of 4 and check which one is the first number that 3, 6, and 2 also divide into evenly?",False,0,,confused,False,,False,,"The student incorrectly calculated the common denominator by adding 4 and 6 to get 10. The common denominator must be a number that 3, 4, 6, and 2 all divide into evenly, not the sum of the numbers. Please guide the student to list the multiples of 4 (4, 8, 12, 16...) and identify the first number in that list that is also divisible by 3, 6, and 2.",,,,,,
8,struggle_09_run1,multi,"Yes, you’re right, division not addition. Then the common denominator is 12. Then the equation is 4(2x - 1)/12 - 3(x + 3)/12 = 2(x + 1)/12 + 6/12, then 4(2x - 1) - 3(x + 3) = 2(x + 1) + 6","You correctly cleared the denominators, but what happens when you distribute the negative sign to both terms inside the second set of parentheses?",False,0,,confused,False,,False,,"You have correctly identified the common denominator as 12 and set up the equation 4(2x - 1) - 3(x + 3) = 2(x + 1) + 6. Now, please expand the terms inside the parentheses on both sides of the equation. Be very careful with the negative sign in front of the 3 when distributing it to (x + 3).",,,,,,
9,struggle_09_run1,multi,"Then distribute numbers inside the parentheses: 8x - 1 - 3x + 9 = 2x + 2 + 6, move the numbers to one side and variables to another: 8x - 3x -2x = 2 + 6 + 1 - 9",Did you remember that distributing the negative sign changes +9 to -9? Please rewrite the expanded equation with the correct signs before moving terms.,False,0,,confused,False,,False,,"Let's carefully check the distribution step you just performed. You wrote: 4(2x - 1) - 3(x + 3) = 2(x + 1) + 6. When you distribute the -3 into (x + 3), what should the result be? Specifically, does -3 * 3 equal +9 or -9? Please correct the signs in your expanded equation before moving terms.",,,,,,
10,struggle_09_run1,multi,The distribution is wrong? You must be joking. I did it correctly this time. Check it again.,"If you distribute -3 to (x + 3), does the +9 stay positive or become negative?",False,0,,frustrated,False,,False,,"Let's verify the distribution step carefully. You wrote: 8x - 1 - 3x + 9. However, the original term was -3(x + 3). When you distribute -3 to +3, the result should be -9, not +9. Please rewrite the expanded equation with the correct signs for the second set of parentheses before moving any terms.",,,,,,
11,struggle_09_run1,multi,"Negative was not distributed. Fine. Then 8x - 1 - 3x - 9 = 2x + 2 + 6, correct?","You fixed the second term, but did you also distribute the 4 to the -1 in the first term? Please rewrite the fully expanded equation with all numbers correctly multiplied before moving any terms.",False,0,,confused,False,,False,,"You have correctly distributed the negative sign in the second term (-3x - 9). However, look closely at the first term: you wrote 8x - 1, but the original expression was 4(2x - 1). Did you distribute the 4 to both the 2x and the -1? Please rewrite the fully expanded equation with all numbers distributed correctly before moving any terms.",,,,,,
12,struggle_09_run1,multi,"4 is not distributed correctly? 4(2x - 1) = 8x - 4, I see. Then 8x - 4 - 3x - 9 = 2x + 2 + 6","Great, you have the correct expanded equation. Now, what do you get when you combine the like terms on each side before moving any variables?",False,0,,confused,False,,False,,"You have correctly expanded the left side to 8x - 4 - 3x - 9 and the right side to 2x + 2 + 6. Now, before moving terms, please combine the like terms (the x terms and the constant numbers) on each side of the equation separately. What is the simplified equation after combining these terms?",,,,,,
13,struggle_09_run1,multi,"Then continue with the moving the numbers and variables to the two sides, 8x - 3x - 2x = 2 + 6 + 4 + 9, I’ll quit if you keep adding additional calculation rules. ","You moved the -9 correctly to become +9, but did you double-check if the -4 from the first term was also moved correctly to the right side?",False,0,,frustrated,False,,False,,"Let's pause and verify the signs before moving forward. You wrote 8x - 3x - 2x = 2 + 6 + 4 + 9. However, when you moved the constant -4 from the left side to the right side, it should become +4, which you did. But look at the constant -9 on the left side: when you move it to the right side, does it stay +9 or become -9? Please re-evaluate the sign of the term derived from -9 before combining the numbers.",,,,,,
14,struggle_09_run1,multi,"Then on the left side: 8x - 3x - 2x = 3x and right side: 2 + 6 + 4 + 9 = 18, 3x = 18, the answer is 6","You found x = 6, but did you double-check if the -4 on the left side was moved correctly to the right side?",False,0,,confused,False,,False,,"Let's pause and verify the equation you just wrote: 8x - 4 - 3x - 9 = 2x + 2 + 6. You moved terms to get 8x - 3x - 2x on the left and 2 + 6 + 4 + 9 on the right. Please check the signs of the constant terms you moved. Specifically, look at the -4 on the left side: when you move it to the right side to isolate the variables, does it become +4 or stay -4? Also, check the -9 on the left side. Write out the new equation with the variables on the left and constants on the right before calculating the final sum.",,,,,,
15,struggle_09_run1,multi,"Wrong calculation on right side? You kidding? 2 + 6 = 8, and 4 + 9 = 13, 8 + 13 = 21. Okay right side is 21 ","You correctly found the right side is 21, so what is the final value of x when you divide 21 by 3?",False,0,,confused,False,,False,,"Let's pause and verify the arithmetic on the right side of your equation: 8x - 3x - 2x = 2 + 6 + 4 + 9. You calculated 2 + 6 = 8 and 4 + 9 = 13, then added 8 + 13 to get 21. Please re-calculate the sum of 2 + 6 + 4 + 9 step-by-step to confirm the total. Once you have the correct sum for the right side, we can determine the final value of x.",,,,,,
16,struggle_09_run1,multi,"Then I get 3x = 21, x = 7, the answer is 7","Great, you found x = 7. Can you verify this answer by substituting 7 back into the original equation to see if both sides match?",False,0,,confused,False,,False,,"Before accepting x = 7, let's verify the solution by substituting x = 7 back into the original equation: (2x - 1)/3 - (x + 3)/4 = (x + 1)/6 + 1/2. Calculate the value of the left-hand side and the right-hand side separately. Do they match? If not, where did the calculation diverge from the correct path?",,,,,,
17,struggle_09_run1,multi,The first step is to find the common denominator for the all the fractions in the equation.,"You're right that we need a common denominator, but can you identify the specific least common multiple of 3, 4, and 6 to clear all the fractions at once?",False,0,,confused,False,,False,,"The student has correctly identified that finding a common denominator is the necessary first step. However, they have not yet performed the calculation. Please guide the student to identify the Least Common Multiple (LCM) of the denominators 3, 4, and 6, and then ask them to multiply every term in the equation by this LCM to eliminate the fractions. Do not solve the equation for x yet; focus only on setting up the integer equation.",,,,,,
18,struggle_09_run1,multi,"(2 * 7 - 1)/3 - (7 + 3)/4 = 13/3 - 10/4 = 52/12 - 30/12 = 22/12, (7 + 1)/6 + 1/2 = 8/6 + 1/2 = 16/12 + 6/12 = 22/12, 7 is the correct answer to the equation.","Great job verifying that x=7 works! Now, can you write out the full equation you get when you multiply every term in the original problem by 12 to clear the fractions?",False,0,,confused,False,,False,,"You have correctly verified that substituting x=7 makes both sides equal 22/12. However, let's double-check the algebraic solution to ensure x=7 is the unique solution. When you cleared the fractions by multiplying the entire equation by 12, did you correctly distribute the 12 to every single term, including the constant 1/2 on the right side? Please write out the full equation after multiplying by 12 to verify the coefficients.",,,,,,
1,struggle_10_run1,multi,"I need help with solving 16^(x-2) = (1/8)^(2x + 1). I multiply 1/16 on both sides of the equation to cancel 16 fist then get x - 2 = (1/8)^(2x + 1) * 1/16, right?","Multiplying by 1/16 doesn't isolate the exponent because the 16 is part of the base, not a separate factor. Can you rewrite both 16 and 1/8 as powers of the same base to compare the exponents directly?",False,0,,confused,False,,False,,"The student's approach of multiplying by 1/16 is incorrect because 16^(x-2) is an exponential term, not a simple product. You cannot isolate the exponent (x-2) by dividing by the base 16. Instead, guide the student to recognize that both 16 and 1/8 can be rewritten as powers of 2. Ask them to express 16 as 2^4 and 1/8 as 2^(-3) to set up the equation with a common base.",,,,,,
2,struggle_10_run1,multi,"Wait, it can solve the problem, see, then I multiply 8 on both sides to cancel 1/8, 8(x -2) = (2x + 1) * 1/16 * 8, 8x -16 = 1/2(2x + 1), 7x = 16 + 1/2, so the x = 33/14","Multiplying by 8 does not cancel the base 1/8 in an exponent, so your algebraic steps are invalid. Can you rewrite 16 and 1/8 as powers of the same base to compare the exponents directly?",False,0,,confused,False,,False,,"The student's approach contains fundamental conceptual errors. First, multiplying by 1/16 or 8 does not cancel the base of an exponential term (e.g., 16^x is not 16 * x). Second, the student incorrectly treated the exponents as linear factors to be multiplied by the base. Third, the algebraic manipulation 8(x-2) = (2x+1) * 1/16 * 8 is mathematically invalid for this equation. The student has not correctly solved the problem. Please guide the student to recognize that 16 and 1/8 must be rewritten as powers of the same base (base 2) to equate the exponents, rather than trying to 'cancel' the bases through multiplication.",,,,,,
3,struggle_10_run1,multi,"I followed the rules, I multiplied same numbers on the both sides of the equation. And it’s not right?","Multiplying both sides doesn't cancel a base inside an exponent, so how can you rewrite 16 and 1/8 as powers of the same number to compare the exponents directly?",False,0,,confused,False,,False,,"The student is incorrectly treating exponents as factors that can be cancelled by multiplication. Specifically, they believe multiplying by 1/16 cancels the base 16 in 16^(x-2) to leave just (x-2), and similarly multiplying by 8 cancels the base 1/8 in (1/8)^(2x+1). This is a fundamental conceptual error: you cannot isolate an exponent by multiplying the base. Instead, guide the student to rewrite 16 and 1/8 as powers of the same base (base 2) so that the equation becomes 2^(4(x-2)) = 2^(-3(2x+1)), allowing them to equate the exponents directly.",,,,,,
4,struggle_10_run1,multi,To rewrite the 16 and 1/8 to the same number? 16 = 8 * (16)/8. 16 and 1/8 are not the same.,"You're right that 16 and 1/8 aren't the same number, but can you express both of them as powers of the same base, like 2?",False,0,,confused,False,,False,,"The student is stuck on the fundamental concept of rewriting bases. They incorrectly believe that 16 and 1/8 cannot be related because they are not the same number, and they attempted to use multiplication to 'cancel' the base, which is a misunderstanding of exponent rules. Do not solve the equation yet. Instead, guide the student to recognize that both 16 and 1/8 are powers of 2 (or 4). Ask specifically: 'Can you express 16 as a power of 2? Can you express 1/8 as a power of 2?' Do not mention the solution or the variable x yet; focus solely on converting the bases.",,,,,,
5,struggle_10_run1,multi,The base number for exponent. For instance?,Try expressing 16 and 1/8 as powers of 2 to see if you can find the exponents that make them equal.,False,0,,confused,False,,False,,"The student is asking for a concrete example of how to rewrite 16 and 1/8 as powers of the same base. Since they have not yet successfully identified the common base (which is 2), do not provide the full solution. Instead, guide them to express 16 as 2 raised to a power and 1/8 as 2 raised to a negative power, then ask them to verify these specific equalities before proceeding to equate the exponents.",,,,,,
6,struggle_10_run1,multi,"4 = 2^2, I see. Then 16 = 2^8, and 1/8 = 1/(2^4). ","You're close, but 16 is actually 2 to the 4th power and 1/8 is 2 to the -3rd power. Can you rewrite the original equation using these correct powers of 2?",False,0,,confused,False,,False,,"You correctly identified that 16 and 1/8 can be written as powers of 2, but there is a calculation error in your exponents. While 4 = 2^2 is correct, 16 is actually 2^4 (since 2*2*2*2 = 16), not 2^8. Similarly, 1/8 is 1/(2^3) (since 2*2*2 = 8), not 1/(2^4). Please correct these exponent values for 16 and 1/8 so we can rewrite the original equation 16^(x-2) = (1/8)^(2x + 1) using base 2.",,,,,,
7,struggle_10_run1,multi,That’s frustrating. I don’t want to continue. Just give me the final answer and I can finish my assignments. ,"I understand this is frustrating, but giving you the answer won't help you learn. Can you try rewriting 16 as 2 to the 4th power and 1/8 as 2 to the negative 3rd power in the equation?",False,0,,discouraged,False,,False,,"I understand you are feeling frustrated, but giving you the answer directly won't help you learn the method needed for your other assignments. Let's take a breath and look at the specific step where we got stuck. You correctly identified that we need a common base, but there was a small error in your calculation: 16 is actually 2 to the power of 4 (since 2*2*2*2=16), not 2^8. Similarly, 1/8 is 2 to the power of -3. Can you try rewriting the original equation 16^(x-2) = (1/8)^(2x + 1) using these correct powers of 2 (2^4 and 2^-3) instead?",,,,,,
8,struggle_10_run1,multi,"16 = 2 * 8 = 2 * 2 * 4 = 2 * 2 * 2 * 2 = 2^4, and 8 = 2 * 2 * 2 = 2^3","You correctly found 16 is 2 to the 4th and 8 is 2 to the 3rd, but how can you rewrite 1/8 using a negative exponent? Now try substituting these forms into the original equation to solve for x.",False,0,,confused,False,,False,,"You have correctly identified that 16 = 2^4 and 8 = 2^3. However, your proposed next step of multiplying by 1/16 is incorrect because you cannot simply multiply one side of an exponential equation by a number to cancel the base; the exponents must be handled differently. Since you have successfully expressed the bases as powers of 2, the correct next step is to rewrite the term (1/8) as 2^(-3) and then substitute these base-2 forms back into the original equation 16^(x-2) = (1/8)^(2x + 1). Please write out the new equation where both sides are expressed with base 2.",,,,,,
9,struggle_10_run1,multi,"So 2^4(x-2) = (1/(2^3))^(2x + 1), what should I do next?","You applied the exponent only to the base, but you need to apply it to the entire term on both sides. How would you rewrite the equation using parentheses to show that the exponents apply to the whole power of 2?",False,0,,confused,False,,False,,"You have correctly identified the base numbers, but there is a critical error in how you applied the exponents. In the expression 16^(x-2), the exponent (x-2) applies to the entire base 16, not just the 2. When you rewrite 16 as 2^4, the entire term (2^4) must be raised to the power of (x-2). Similarly, on the right side, the exponent (2x+1) applies to the entire fraction 1/(2^3). Please rewrite the equation correctly using the power of a power rule: (a^m)^n = a^(m*n). Do not multiply the bases; instead, multiply the exponents.",,,,,,
10,struggle_10_run1,multi,"Negative exponent, 1/8 = 8^(-1) = 2^(-3), then the equation is 2^4(x-2) = 2^(-3(2x + 1))","Since the bases are now the same, can you set the exponents equal to each other to form a linear equation and solve for x?",False,0,,confused,False,,False,,"You have successfully rewritten both sides with base 2: 2^(4(x-2)) = 2^(-3(2x + 1)). Since the bases are now the same, the exponents must be equal. Please set the exponent on the left side equal to the exponent on the right side to create a linear equation, and then solve for x.",,,,,,
11,struggle_10_run1,multi,Then I can finally cancel 2s on the both sides of the equation. So I get 4(x - 2) = -3(2x + 1),"You're close, but you don't cancel the base 2; instead, since the bases are identical, what happens when you set the exponents equal to each other?",False,0,,confused,False,,False,,"You have correctly identified that the bases are the same, but your method of 'canceling 2s' to get 4(x - 2) = -3(2x + 1) is conceptually incorrect. When you have $2^A = 2^B$, you do not cancel the base to get $A = B$ by dividing by 2; rather, the property of equality for exponents states that if the bases are equal, the exponents themselves must be equal. Please rewrite the equation by simply setting the exponent on the left side equal to the exponent on the right side, without any multiplication or division of the base 2.",,,,,,
12,struggle_10_run1,multi,"Then 4x - 8 = -6 + 3, move the numerics to the right side 4x = -6 + 3 + 8","Did you correctly distribute the -3 to both terms inside the parentheses, or did you accidentally turn -3 into +3?",False,0,,confused,False,,False,,"You made a sign error when distributing the -3 on the right side. The term -3(2x + 1) expands to -6x - 3, not -6 + 3. Please rewrite the equation 4(x - 2) = -3(2x + 1) correctly by distributing the -3 to both terms inside the parentheses, then proceed to solve for x.",,,,,,
13,struggle_10_run1,multi,"Mistake on distribution? 4(x -2) = 4x - 8, correct?","You correctly expanded the left side, but did you apply the negative sign to both terms when distributing -3 on the right?",False,0,,confident,False,,False,,"You correctly distributed the 4 on the left side to get 4x - 8. However, look closely at the right side: you wrote -6 + 3, but the original expression was -3(2x + 1). Did you distribute the negative sign correctly to both terms inside the parentheses? Please rewrite the right side of the equation showing the correct distribution of -3.",,,,,,
14,struggle_10_run1,multi,"-3(2x + 1) = -6x - 3, so 4x - 8 = -6x - 3","You have the correct equation 4x - 8 = -6x - 3, but how can you move all the x terms to one side to isolate the variable?",False,0,,confused,False,,False,,"You have correctly distributed the -3 on the right side to get -6x - 3, and the left side is 4x - 8. Now, solve the linear equation 4x - 8 = -6x - 3 for x by moving all x terms to one side and constants to the other.",,,,,,
15,struggle_10_run1,multi,Now finally solve the equation: 4x + 6x = -3 + 8,"You have 10x = 5, so what is the final value of x after dividing both sides by 10?",False,0,,confused,False,,False,,"You have correctly moved the variable terms to the left and the constant terms to the right. Now, perform the addition on both sides: calculate 4x + 6x and -3 + 8 to simplify the equation.",,,,,,
16,struggle_10_run1,multi,"Then I get 10x = -5, the answer is -1/2","You solved a linear equation, but the original problem involves exponents with bases 16 and 1/8. How can you rewrite both 16 and 1/8 as powers of the same base to solve this?",False,0,,confused,False,,False,,"There is a critical sign error in your final step. You correctly established the equation 4x - 8 = -6x - 3 and moved terms to get 10x = 5. However, you wrote 10x = -5. Please re-calculate the constant terms: when you move -8 to the right side, it becomes +8. What is the correct sum of -3 and +8?",,,,,,
17,struggle_10_run1,multi,"Sure, another mistake. It’s exhausting to solve this problem. ","I understand this feels exhausting, but let's pause and try a different angle: what single base can you use to rewrite both 16 and 1/8?",False,0,,discouraged,False,,False,,"I understand this feels exhausting, but let's pause and take a breath. We need to go back to the very beginning because the approach you just tried (multiplying by 1/16) doesn't work for exponential equations like this. The correct first step is to rewrite the bases 16 and 1/8 as powers of the same number (base 2). Can you tell me: what is 16 as a power of 2, and what is 1/8 as a power of 2?",,,,,,
18,struggle_10_run1,multi,"Let’s see, 4x + 6x = 10x, and -3 + 8 = 5, so I get x = 5/10 = 1/2. The final answer is 1/2","You are still solving a linear equation, but the original problem involves exponents with bases 16 and 1/8. Can you identify a single base, like 2, that can rewrite both 16 and 1/8 as powers?",False,0,,confused,False,,False,,"There is a major disconnect here. You are solving a linear equation (4x + 6x = -3 + 8), but the original problem is an exponential equation: 16^(x-2) = (1/8)^(2x + 1). You have not yet rewritten the bases 16 and 1/8 as powers of the same base (which is 2). Please stop using the linear equation steps and return to the original exponential problem. What is the base 2 representation of 16 and 1/8?",,,,,,
19,struggle_10_run1,multi,I cannot simply cancel the numbers with exponents.,"You're right that exponents can't be simply canceled, so what base can you use to rewrite both 16 and 1/8 as powers?",False,0,,confused,False,,False,,"You are correct that you cannot simply cancel the numbers with exponents. The mistake in your previous attempt was trying to divide by 16 to 'cancel' it, which is not how exponent rules work. Instead, we need to rewrite both 16 and 1/8 as powers of the same base (2). Can you express 16 as a power of 2 and 1/8 as a power of 2?",,,,,,
20,struggle_10_run1,multi,2^8 is different from 2*8. Because 2^8 means the multiplication of 2 for 8 times.,"You correctly defined exponents, but can you now rewrite 16 and 1/8 specifically as powers of 2 to solve the equation?",False,0,,confused,False,,False,,"You are correct that 2^8 is not the same as 2*8. However, we are not trying to calculate the value of 2^8 yet. We need to use the fact that 16 and 1/8 can both be written as powers of 2. Can you rewrite 16 as 2 raised to some power, and 1/8 as 2 raised to some power (remembering that 1/8 is 2 to a negative power)?",,,,,,
