turn,trajectory_id,ablation_mode,student_input,final_response,problem_solved,reflection_count,next_agent,emotion,verif_parseable,verif_error_type,verif_problem_solved,verif_answer,orchestrator_instruction,error_detection,math_guidance,premature_answer,state_regression,meta_timing,notes
1,average_01_run1,single,How can I solve the following question 8 - 2 * 3 + 4?,"To solve this expression correctly, which operation should you perform first according to the order of operations: the multiplication, the subtraction, or the addition?",False,0,SingleAgent,neutral,,,,,,,,,,,
2,average_01_run1,single,"I start from the left, 8 - 2 = 6, then multiply","Actually, the order of operations requires you to perform multiplication before addition or subtraction, regardless of position. Can you identify which operation should be done first in 8 - 2 * 3 + 4?",False,0,SingleAgent,neutral,,,,,,,,,,,
3,average_01_run1,single,Why it’s not correct?,"The issue is that multiplication has higher priority than subtraction in the order of operations, so you must calculate 2 * 3 before subtracting from 8. Can you identify which part of the expression 8 - 2 * 3 + 4 should be calculated first?",False,0,SingleAgent,neutral,,,,,,,,,,,
4,average_01_run1,single,"You mean to start from the multiplication? In that case, 2 * 3 = 6","Good, you have correctly identified that 2 * 3 equals 6. Now, if you replace that part of the expression with 6, what does the full expression look like, and which operation should you perform next?",False,0,SingleAgent,neutral,,,,,,,,,,,
5,average_01_run1,single,"So then from left to right, meaning 8 - 6 first","Yes, once you have simplified the multiplication to 6, the expression becomes 8 - 6 + 4. Since addition and subtraction are at the same level, you proceed from left to right, so what is the result of 8 - 6?",False,0,SingleAgent,neutral,,,,,,,,,,,
6,average_01_run1,single,8 - 6 = 2,"Great, you found that 8 - 6 equals 2. Now, looking at the remaining expression 2 + 4, what is the final result?",False,0,SingleAgent,neutral,,,,,,,,,,,
7,average_01_run1,single,"2 + 4 = 6, the final answer is 6","You have correctly calculated 2 + 4 to get 6. Since this is the last operation in the expression 8 - 2 * 3 + 4, does this mean you have found the final answer to the original problem?",True,0,SingleAgent,neutral,,,,,,,,,,,
8,average_01_run1,single,"I shouldn’t start from left to right, I have to multiply first instead.",You correctly identified that multiplication must be done before addition or subtraction. Can you explain why following the order of operations was the key insight that led you to the correct answer of 6?,True,1,SingleAgent,neutral,,,,,,,,,,,
9,average_01_run1,single,So I start from 2 * 3 in this case.,"Yes, starting with 2 * 3 is exactly the correct first step according to the order of operations. You have successfully identified the right strategy to solve this problem, so you are ready to complete the calculation on your own.",True,2,SingleAgent,neutral,,,,,,,,,,,
1,average_02_run1,single,How do I solve 3/4 - 1/6?,"To subtract these fractions, you first need a common denominator. What is the smallest number that both 4 and 6 divide into evenly?",False,0,SingleAgent,neutral,,,,,,,,,,,
2,average_02_run1,single,So I need to calculate (3 - 1) / (4 - 6) = -1,"It looks like you subtracted the numerators and denominators separately, but that isn't how fraction subtraction works. Can you recall the correct method for combining two fractions with different denominators?",False,0,SingleAgent,neutral,,,,,,,,,,,
3,average_02_run1,single,"I’m not sure, is 16 their common denominator?","16 is a common multiple, but let's check if there is a smaller number that both 4 and 6 divide into evenly. Can you list the first few multiples of 6 to see if any of them are also divisible by 4?",False,0,SingleAgent,neutral,,,,,,,,,,,
4,average_02_run1,single,Would 12 work?,"Yes, 12 works as the least common denominator. Now, how would you rewrite 3/4 and 1/6 so that they both have 12 as their denominator?",False,0,SingleAgent,neutral,,,,,,,,,,,
5,average_02_run1,single,3/4 = 3/4 * 3/3 = 9/12,"Good, you correctly converted 3/4 to 9/12. Now, what number must you multiply the numerator and denominator of 1/6 by to get a denominator of 12?",False,0,SingleAgent,neutral,,,,,,,,,,,
6,average_02_run1,single,1/6 = 1/6 * 2/2 = 2/12,"Great, you have successfully rewritten both fractions with a common denominator of 12. Now, how would you combine these two fractions to find the final result?",False,0,SingleAgent,neutral,,,,,,,,,,,
7,average_02_run1,single,"I only need to subtract the numerator, that is 9/12 - 2/12 = (9 - 2)/12, the final answer is 7/12","You have correctly found the difference of the numerators, but remember that the denominator remains 12 in the final fraction. What is the simplified form of 7/12?",False,0,SingleAgent,neutral,,,,,,,,,,,
8,average_02_run1,single,The fractions needs to have common denominator in order to subtract the numerators. ,"You are correct that a common denominator is needed to subtract fractions, but you have already found that 7/12. Since 7 and 12 share no common factors other than 1, is there any further simplification needed for this result?",False,0,SingleAgent,neutral,,,,,,,,,,,
9,average_02_run1,single,Common denominator should be a number which can be divided by both denominators.,"You are correct about the definition of a common denominator, but we have already found that the result of the subtraction is 7/12. Since 7 and 12 share no common factors, is there any further simplification needed for this specific fraction?",False,0,SingleAgent,neutral,,,,,,,,,,,
1,average_03_run1,single,How do I solve -3^2 + (-2)^3?,"Let's start by looking at the first term, -3^2. Can you explain the order of operations here: does the negative sign get squared along with the 3, or is it applied after the squaring is done?",False,0,SingleAgent,neutral,,,,,,,,,,,
2,average_03_run1,single,"I’m not entirely sure, (-2)^3 = -8?","You are correct that (-2)^3 equals -8, so let's focus on the first term, -3^2. In this expression, does the negative sign get squared along with the 3, or is it applied after the squaring is done?",False,0,SingleAgent,neutral,,,,,,,,,,,
3,average_03_run1,single,"Then -3^2 = 9, 9 - 8 = 1","You correctly calculated (-2)^3 as -8, but there is a common misunderstanding about -3^2. Remember that without parentheses, the exponent applies only to the 3, not the negative sign. What is the value of -3^2 then?",False,0,SingleAgent,neutral,,,,,,,,,,,
4,average_03_run1,single,Negative? But the -3 is squared,"That is a common point of confusion. Remember that -3^2 means you square the 3 first to get 9, and then apply the negative sign, whereas (-3)^2 would mean you square the negative 3. Based on this rule, what is the correct value for -3^2?",False,0,SingleAgent,neutral,,,,,,,,,,,
5,average_03_run1,single,"I see, since the negative is outside the square, -3^2 = -9","Great, you have correctly identified that -3^2 equals -9 and (-2)^3 equals -8. Now, what is the final result when you add these two values together?",False,0,SingleAgent,neutral,,,,,,,,,,,
6,average_03_run1,single,"Then calculate -9 + -8, so the answer is -17","You have correctly identified the two numbers to add, -9 and -8. Now, think about the rule for adding two negative numbers: do you add their absolute values and keep the negative sign, or is there a different operation needed here?",False,0,SingleAgent,neutral,,,,,,,,,,,
7,average_03_run1,single,"Yes, the final answer should be -17 instead of 1","You have correctly identified that adding two negative numbers results in a negative sum, and your calculation of -17 is accurate. Since you have successfully combined the values from the previous steps, you have now solved the problem.",True,0,SingleAgent,neutral,,,,,,,,,,,
8,average_03_run1,single,I have to watch out for the negatives that are outside the square,That is a crucial observation about how parentheses change the meaning of an expression. How does recognizing this distinction help you decide whether to apply the exponent before or after handling the negative sign in future problems?,True,1,SingleAgent,neutral,,,,,,,,,,,
1,average_04_run1,single,I need help with the following question: 2/3 * x = 10,"To isolate x, you need to undo the multiplication by 2/3. What operation is the inverse of multiplying by 2/3, and how would you apply it to both sides of the equation?",False,0,SingleAgent,neutral,,,,,,,,,,,
2,average_04_run1,single,"To cancel 2/3, I multiply 2/3 on both sides of the equation: x = 10 * 2/3 = 20/3","You are close, but multiplying by 2/3 does not undo the multiplication by 2/3; it actually makes the coefficient larger. What number, when multiplied by 2/3, results in 1? Try using that number to isolate x.",False,0,SingleAgent,neutral,,,,,,,,,,,
3,average_04_run1,single,No? What is a reciprocal?,"A reciprocal is a number that, when multiplied by the original number, equals 1. For a fraction like 2/3, the reciprocal is found by flipping the numerator and denominator. Can you tell me what the reciprocal of 2/3 is?",False,0,SingleAgent,neutral,,,,,,,,,,,
4,average_04_run1,single,So the reciprocal of 2/3 is 3/2,"That is correct! Now, how can you use the reciprocal 3/2 to isolate x in the original equation where x is multiplied by 2/3?",False,0,SingleAgent,neutral,,,,,,,,,,,
5,average_04_run1,single,"If I multiply 3/2 on both sides of the equation, I’ll get x = 10 * 3/2","That is exactly the right strategy! Now, can you calculate the value of 10 multiplied by 3/2 to find the final value of x?",False,0,SingleAgent,neutral,,,,,,,,,,,
6,average_04_run1,single,"x = 15, the final answer is 15","You have correctly set up the calculation 10 multiplied by 3/2. Now, please perform that multiplication to find the final numerical value of x.",False,0,SingleAgent,neutral,,,,,,,,,,,
7,average_04_run1,single,"To cancel a fraction factor, I have to multiply its reciprocal.","You have correctly identified the strategy of multiplying by the reciprocal. Now, please apply this to your specific numbers: what is the result of 10 multiplied by 3/2?",False,0,SingleAgent,neutral,,,,,,,,,,,
8,average_04_run1,single,15 is the right answer and 20/3 is incorrect,"You are correct that 15 is the right answer and 20/3 is incorrect. Since you have already identified the correct result, what is the definition of a reciprocal that allowed you to verify this solution?",True,0,SingleAgent,neutral,,,,,,,,,,,
1,average_05_run1,single,Could you help me solve the following question: 15 - 3y = 27?,"To isolate the term with y, what operation should you perform on both sides of the equation to move the 15?",False,0,SingleAgent,neutral,,,,,,,,,,,
2,average_05_run1,single,"I subtract 15 on the both sides of the equation, and I’ll get 15 - 3y + 15 = 27 + 15","You correctly identified that we need to subtract 15, but look closely at the left side: if you subtract 15 from 15, what should the result be instead of adding 15?",False,0,SingleAgent,neutral,,,,,,,,,,,
3,average_05_run1,single,"Let me check, you are right, I made a mistake, 15 - 3y -15 = 27 - 15","Good catch on correcting the operation! Now, simplify both sides of your equation: what does 15 minus 15 equal on the left, and what is 27 minus 15 on the right?",False,0,SingleAgent,neutral,,,,,,,,,,,
4,average_05_run1,single,Then it will be -3y = 12,"You have correctly simplified the equation to -3y = 12. To find the value of y, what operation should you perform on both sides to isolate the variable?",False,0,SingleAgent,neutral,,,,,,,,,,,
5,average_05_run1,single,"Then I divide -3 on the both sides, y = 12/3, the final answer is 4","You correctly decided to divide by -3, but notice that you wrote 12 divided by 3 instead of 12 divided by -3. What is the result of 12 divided by -3?",False,0,SingleAgent,neutral,,,,,,,,,,,
6,average_05_run1,single,"Ah, the negative sign, the final answer is -4","That is correct, -4 is the right value for y. To be sure, can you substitute -4 back into the original equation 15 - 3y = 27 and check if both sides are equal?",False,0,SingleAgent,neutral,,,,,,,,,,,
7,average_05_run1,single,I should subtract 15 from the both sides instead of addition,"You are correct that we need to subtract 15 from both sides to isolate the term with y. Now, what is the result of 27 minus 15?",False,0,SingleAgent,neutral,,,,,,,,,,,
8,average_05_run1,single,I have to pay attention to the negative signs during calculations.,"That is a good reminder. Now, if you subtract 15 from 27, what number do you get for the right side of the equation?",False,0,SingleAgent,neutral,,,,,,,,,,,
1,average_06_run1,single,How can I simplify 1/2 + 3/5 / 9/10 - 1/3?,"Before combining these terms, what operation should you perform first according to the order of operations, and how would you set up that specific division?",False,0,SingleAgent,neutral,,,,,,,,,,,
2,average_06_run1,single,"I’ll calculate from left to right, 1/2 + 3/5 = 5/10 + 6/10 = 11/10","You correctly found a common denominator for the first two terms, but remember that division takes precedence over addition. Before adding 1/2 and 3/5, what operation should you perform first according to the order of operations?",False,0,SingleAgent,neutral,,,,,,,,,,,
3,average_06_run1,single,"No? I see, so instead I need to calculate 3/5 / 9/10 first. Could you give me a hint?","That is correct; division comes before addition. To divide 3/5 by 9/10, what operation do you perform with the second fraction (the divisor) before multiplying?",False,0,SingleAgent,neutral,,,,,,,,,,,
4,average_06_run1,single,"Okay, reciprocal, 3/5 / 9/10 = 3/5 * 10/9 = 30/45","You correctly set up the multiplication by using the reciprocal. Now, before you multiply the numerators and denominators, can you identify any common factors between 3 and 9, or between 5 and 10, that would allow you to simplify the fractions first?",False,0,SingleAgent,neutral,,,,,,,,,,,
5,average_06_run1,single,Why I have to simplify before the next operation?,"You don't strictly have to simplify first, but it is a strategic choice to keep the numbers smaller and easier to manage. If you multiply 30 by 10 and 45 by 9 directly, you will get very large numbers that are harder to reduce later. Can you see how canceling common factors now might make the final multiplication step simpler?",False,0,SingleAgent,neutral,,,,,,,,,,,
6,average_06_run1,single,"30/45 = 2/3, so it becomes 1/2 + 2/3 - 1/3","You have correctly simplified 30/45 to 2/3, and now you are ready to add and subtract these fractions. Before you proceed, what common denominator do you need to find to combine 1/2, 2/3, and -1/3?",False,0,SingleAgent,neutral,,,,,,,,,,,
7,average_06_run1,single,The common denominator for 2 and 3 is 6,"Great, you've identified 6 as the common denominator. Now, how would you rewrite each fraction (1/2, 2/3, and -1/3) so that they all have 6 as their denominator?",False,0,SingleAgent,neutral,,,,,,,,,,,
8,average_06_run1,single,1/2 + 2/3 - 1/3 = 3/6 + 4/6 - 2/6 = (3 + 4 - 2)/6,"You have correctly rewritten the fractions with a common denominator and set up the numerator calculation. Now, what is the result of adding and subtracting the numbers in the numerator: 3 + 4 - 2?",False,0,SingleAgent,neutral,,,,,,,,,,,
9,average_06_run1,single,"3 + 4 - 2 = 5, hence the answer is 5/6","You have correctly calculated the numerator as 5, so the fraction is 5/6. However, the original problem asked you to simplify the result if possible. Can you check if 5 and 6 share any common factors to reduce the fraction further?",False,0,SingleAgent,neutral,,,,,,,,,,,
10,average_06_run1,single,I have to do the division instead of calculating from left to right. ,"It seems there might be a misunderstanding about the steps we just took. We already combined the numerators (3 + 4 - 2) to get 5, so there is no division to perform at this stage. Can you look at the fraction 5/6 and tell me if the top and bottom numbers share any common factors that would allow us to make the fraction smaller?",False,0,SingleAgent,neutral,,,,,,,,,,,
11,average_06_run1,single,5/6 is the right answer to the question. ,"You have correctly found the fraction 5/6, but the problem specifically asked to simplify the result if possible. Can you check if the numbers 5 and 6 share any common factors greater than 1 that would allow you to reduce the fraction?",False,0,SingleAgent,neutral,,,,,,,,,,,
1,average_07_run1,single,How can I simplify (1 + 1/2) / (1 - 3/4)?,Let's start by simplifying the numerator and the denominator separately. What is the result of 1 + 1/2 when written as a single fraction?,False,0,SingleAgent,neutral,,,,,,,,,,,
2,average_07_run1,single,"I can cancel 1s on the both sides, and get 1/2 / 3/4","It looks like there is a misunderstanding in how to simplify the numerator. You cannot simply cancel the 1s across the addition; instead, you need to find a common denominator to add 1 and 1/2. What is 1 + 1/2 when written as a single fraction?",False,0,SingleAgent,neutral,,,,,,,,,,,
3,average_07_run1,single,1s cannot be cancelled. I see. Then 1 + 1/2 = 2/2 + 1/2 = 3/2,"Good, you correctly found the numerator is 3/2. Now, what is the result of 1 - 3/4 when written as a single fraction?",False,0,SingleAgent,neutral,,,,,,,,,,,
4,average_07_run1,single,1 - 3/4 = 4/4 - 3/4 = 1/4,"Great, you have correctly simplified the numerator to 3/2 and the denominator to 1/4. Now, how would you divide the fraction 3/2 by the fraction 1/4?",False,0,SingleAgent,neutral,,,,,,,,,,,
5,average_07_run1,single,"Then I get 3/2 / 1/4, the common denominator is 4","You are correct that the common denominator for 3/2 and 1/4 is 4, but remember that dividing by a fraction is the same as multiplying by its reciprocal. Instead of finding a common denominator for the division, what is the reciprocal of 1/4, and how would you rewrite the expression 3/2 divided by 1/4 as a multiplication problem?",False,0,SingleAgent,neutral,,,,,,,,,,,
6,average_07_run1,single,"Ah, I see. Not common denominator, but to find out the reciprocal","Exactly! Now that you recognize the need for the reciprocal, what is the reciprocal of 1/4, and how would you rewrite the division 3/2 divided by 1/4 as a multiplication problem using that reciprocal?",False,0,SingleAgent,neutral,,,,,,,,,,,
7,average_07_run1,single,The reciprocal of 1/4 is 4/1,"Correct, the reciprocal of 1/4 is 4/1. Now, rewrite the original division problem 3/2 divided by 1/4 as a multiplication problem using this reciprocal, and then calculate the result.",False,0,SingleAgent,neutral,,,,,,,,,,,
8,average_07_run1,single,"3/2 / 1/4 = 3/2 * 4/1 = 6, the answer is 6","You have correctly set up the multiplication and calculated the result as 6. Since you have arrived at a final numerical answer for the original division problem, let's verify your work: does 6 multiplied by 1/4 equal the original numerator 3/2?",True,0,SingleAgent,neutral,,,,,,,,,,,
9,average_07_run1,single,"2/3 is not the correct answer to this question, 6 is the correct answer",You correctly identified that dividing by a fraction is equivalent to multiplying by its reciprocal. What was the key insight that helped you decide to flip 1/4 to 4/1 instead of finding a common denominator?,True,1,SingleAgent,neutral,,,,,,,,,,,
10,average_07_run1,single,The 1s inside the parentheses cannot be cancelled. The calculations instead the parentheses should start first. ,"Your answer of 6 is correct, but your explanation about parentheses and cancelling 1s does not match the method you actually used, which was multiplying by the reciprocal. The key strategy to remember is that dividing by a fraction is always equivalent to multiplying by its flipped version. You have successfully solved the problem, so we will conclude here.",True,2,SingleAgent,neutral,,,,,,,,,,,
1,average_08_run1,single,How do I solve (a + 4)/3 - (a - 2)/2 = 1?,"To eliminate the fractions in this equation, what is the smallest number that both 3 and 2 divide into evenly, and how would you use it to simplify the entire equation?",False,0,SingleAgent,neutral,,,,,,,,,,,
2,average_08_run1,single,"I start from finding a common denominator, the least common denominator is 6","Great, you correctly identified the least common denominator as 6. Now, what happens when you multiply every single term in the equation by 6 to clear the fractions?",False,0,SingleAgent,neutral,,,,,,,,,,,
3,average_08_run1,single,(a + 4)/3 = (a + 4)/3 * 2/2 = 2(a + 4)/6,"You correctly showed how the first term transforms, but remember we must multiply every term in the equation by 6. How would you apply this multiplication to the second term, -(a - 2)/2, and the constant 1 on the right side?",False,0,SingleAgent,neutral,,,,,,,,,,,
4,average_08_run1,single,"Distributing 2 into the parentheses, I get (2a + 8)/6","You correctly expanded the first term, but remember we must multiply every term by 6. How would you apply this multiplication to the second term, -(a - 2)/2, and the constant 1 on the right side?",False,0,SingleAgent,neutral,,,,,,,,,,,
5,average_08_run1,single,"Similarly, (a - 2)/2 = (a - 2)/2 * 3/3 = 3(a - 2)/6 = (3a - 6)/6","You correctly transformed the second term, but remember the original equation has a minus sign in front of it. How does that negative sign affect the numerator when you write the combined equation with all terms over the common denominator of 6?",False,0,SingleAgent,neutral,,,,,,,,,,,
6,average_08_run1,single,The equation can be written as (2a + 8)/6 - (3a - 6)/6 = 1,"You have correctly set up the equation with a common denominator. Now, since both fractions share the same denominator, how can you simplify the left side by combining the numerators into a single expression?",False,0,SingleAgent,neutral,,,,,,,,,,,
7,average_08_run1,single,"As the common denominator is 6, the equation can be written as 2a + 8 - 3a - 6 = 1","You have correctly combined the terms over the common denominator, but notice that when you removed the fraction bar, you must also multiply the 1 on the right side by 6. How does this change the right side of your equation?",False,0,SingleAgent,neutral,,,,,,,,,,,
8,average_08_run1,single,"1 is not a fraction, why it has to be 6 instead?","You are right that 1 is not written as a fraction, but remember that an equation must stay balanced. If you multiply the left side by 6 to remove the denominator, what must you do to the right side to keep the equality true?",False,0,SingleAgent,neutral,,,,,,,,,,,
9,average_08_run1,single,"I see, in that case, 2a + 8 - 3a - 6 = 6","Now that the equation is balanced, look at the terms with 'a' on the left side: 2a and -3a. What is the result when you combine these like terms?",False,0,SingleAgent,neutral,,,,,,,,,,,
10,average_08_run1,single,"You are right, I forgot the negative, so 2a + 8 - 3a + 6 = 6","You mentioned forgetting the negative, but in your new equation you wrote +6 instead of -6. Can you check the original step where you multiplied the -6 by 6 to see if the sign should remain negative?",False,0,SingleAgent,neutral,,,,,,,,,,,
11,average_08_run1,single,"I calculate a terms first, -a + 8 + 6 = 6","You correctly combined the 'a' terms to get -a, but let's check the constant terms: you had +8 and -6 in the previous step. What is the result of 8 minus 6?",False,0,SingleAgent,neutral,,,,,,,,,,,
12,average_08_run1,single,Then I subtract 6 on the both sides: -a + 8 = 0,"You correctly combined the 'a' terms to get -a, but let's check the constant terms: you had +8 and -6 in the previous step. What is the result of 8 minus 6?",False,0,SingleAgent,neutral,,,,,,,,,,,
13,average_08_run1,single,"Then I subtract 8 on the both sides, -a =-8, the answer is 8","You correctly isolated the term -a, but remember that the equation is -a = -8, not a = -8. Since the variable has a negative sign in front of it, what operation do you need to perform on both sides to find the value of a?",False,0,SingleAgent,neutral,,,,,,,,,,,
14,average_08_run1,single,"Because 1 = 6/6, that ensures the cancelation of the denominators on both sides of the equation","It seems there is a misunderstanding of the current equation, which is -a = -8 and does not contain any denominators to cancel. Since the variable 'a' has a negative sign in front of it, what operation should you perform on both sides to isolate 'a'?",False,0,SingleAgent,neutral,,,,,,,,,,,
15,average_08_run1,single,"(8 + 4)/3 - (8 -2)/2 = 12/3 - 4/2 = 1, 8 is the answer to the equation.","It seems you have shifted to evaluating a new expression, but we are still working on the equation -a = -8. To find the value of 'a', what operation can you perform on both sides of -a = -8 to make the variable positive?",False,0,SingleAgent,neutral,,,,,,,,,,,
1,average_09_run1,single,How to solve the following question: (2x - 1)/3 - (x + 3)/4 = (x + 1)/6 + 1/2?,"To simplify this equation, what is the smallest number that 3, 4, 6, and 2 all divide into evenly, and how would you use it to eliminate the fractions?",False,0,SingleAgent,neutral,,,,,,,,,,,
2,average_09_run1,single,"The first step, maybe finding the common denominator? I’m not entirely sure.","You are on the right track; finding a common denominator is indeed the key first step. Can you identify the smallest number that 3, 4, 6, and 2 all divide into evenly, which we call the least common multiple?",False,0,SingleAgent,neutral,,,,,,,,,,,
3,average_09_run1,single,"The common denominator, 24?","Great, 24 is the correct least common multiple. Now, what happens to the equation if you multiply every single term on both sides by 24 to clear the fractions?",False,0,SingleAgent,neutral,,,,,,,,,,,
4,average_09_run1,single,"But 24 works, right, why I need to use a smaller number?","You are absolutely right that 24 works perfectly to clear the fractions; using a larger common multiple is valid, though 24 is the smallest and usually the easiest to work with. Since you have confirmed 24 is a valid common denominator, what happens when you multiply the first term of your equation by 24?",False,0,SingleAgent,neutral,,,,,,,,,,,
5,average_09_run1,single,"I see. Hmm, 12?","That is a good start, but remember we are multiplying the entire first term by 24, not just the denominator. If the first term is 1/3, what is 24 times 1/3?",False,0,SingleAgent,neutral,,,,,,,,,,,
6,average_09_run1,single,"Good, then I get (2x - 1)/3 = (2x - 1)/3 * 4/4 = 4(2x - 1)/12","You have correctly rewritten the first term with a denominator of 12, but remember our goal was to multiply the entire equation by 24 to clear all fractions at once. Instead of finding an equivalent fraction, what is the result of multiplying the term (2x - 1)/3 directly by 24?",False,0,SingleAgent,neutral,,,,,,,,,,,
7,average_09_run1,single,(x + 3)/4 = (x + 3)/4 * 3/3 = 3(x + 3)/12 and similarly (x + 1)/6 = (x + 1)/6 * 2/2 = 2(x + 1)/12,"You have successfully rewritten each fraction with a common denominator of 12, but remember our goal was to multiply the entire equation by 24 to eliminate the fractions completely. Instead of just finding equivalent fractions, what happens if you multiply the term (2x - 1)/3 directly by 24?",False,0,SingleAgent,neutral,,,,,,,,,,,
8,average_09_run1,single,The expression will be 4(2x - 1)/12 - 3(x + 3)/12 = 2(x + 1)/12 + 1/2,"You have successfully rewritten the fractions with a common denominator, but notice that the right side still contains the term 1/2 which hasn't been converted to twelfths yet. Before expanding the parentheses, what number must you multiply 1/2 by to get a denominator of 12?",False,0,SingleAgent,neutral,,,,,,,,,,,
9,average_09_run1,single,1/2? But there’s no variable with 1/2,"The variable x is not needed to convert the fraction 1/2 into twelfths; you simply need to multiply both the numerator and the denominator by the same number to change the denominator from 2 to 12. What number do you multiply 2 by to get 12, and what would the new numerator be?",False,0,SingleAgent,neutral,,,,,,,,,,,
10,average_09_run1,single,"Got it, 4(2x - 1)/12 - 3(x + 3)/12 = 2(x + 1)/12 + 6/12","Great progress getting all terms over the common denominator of 12. Since the denominators are now identical on both sides, what is the next logical step to simplify the equation by removing them entirely?",False,0,SingleAgent,happy,,,,,,,,,,,
11,average_09_run1,single,So I get 4(2x - 1) - 3(x + 3) = 2(x + 1) + 6,"You have correctly cleared the denominators. Now, what is the first step to simplify the left side by expanding the term 4(2x - 1)?",False,0,SingleAgent,neutral,,,,,,,,,,,
12,average_09_run1,single,"Then I expand 4(2x - 1), which is 8x - 4","Good, you correctly expanded the first term on the left side. Now, what is the result of expanding the second term, -3(x + 3), on that same side?",False,0,SingleAgent,neutral,,,,,,,,,,,
13,average_09_run1,single,"Similarly, expand 3(x + 3), which is 3x + 9","You correctly expanded the numbers inside the parentheses, but remember the negative sign in front of the 3. How does that negative sign affect the result when you distribute it to both terms inside (x + 3)?",False,0,SingleAgent,neutral,,,,,,,,,,,
14,average_09_run1,single,"Negative? True, - 3x - 9","Good catch on the negative sign. Now, combine the expanded terms 8x - 4 and -3x - 9 on the left side to simplify the expression.",False,0,SingleAgent,neutral,,,,,,,,,,,
15,average_09_run1,single,Then I expand also on the right side of the equation 2x + 2 + 6,"It looks like you are expanding the right side, but the expression 2x + 2 + 6 does not contain parentheses that need expanding. Can you check the original equation to see if there are any terms on the right side that were enclosed in parentheses?",False,0,SingleAgent,neutral,,,,,,,,,,,
16,average_09_run1,single,The equation becomes 8x - 4 - 3x - 9 = 2x + 2 + 6,"You have correctly expanded both sides of the equation. Now, look at the right side: 2x + 2 + 6. Can you combine the constant numbers 2 and 6 to simplify that side before moving any variable terms?",False,0,SingleAgent,neutral,,,,,,,,,,,
17,average_09_run1,single,"Calculate the numbers on the both sides to get 8x - 3x -13 = 2x + 8, then add 13 on both sides 8x - 3x = 2x + 21","You correctly combined the constants on both sides to get 8x - 3x - 13 = 2x + 8. Now, to isolate the variable terms, what operation should you perform on both sides to move the -13 to the right side?",False,0,SingleAgent,neutral,,,,,,,,,,,
18,average_09_run1,single,"Add 3x and subtract 2x on both sides to make the variable to be on the left side, 3x = 21","You correctly identified the need to move the variable terms, but let's check the result of that step. If you add 3x to the left side (8x - 3x) and subtract 2x from the right side (2x + 21), what do you get for the variable terms on the left and the constant on the right?",False,0,SingleAgent,neutral,,,,,,,,,,,
19,average_09_run1,single,"x = 21/3, so the answer is 7","You found x = 7, but let's verify this by substituting it back into the original equation 8x - 3x - 13 = 2x + 8. Does the left side equal the right side when you plug in 7 for x?",False,0,SingleAgent,neutral,,,,,,,,,,,
20,average_09_run1,single,"I needed to find common denominator for the non-variable terms, otherwise the result is wrong","It seems there might be a misunderstanding, as the equation we are working with involves only whole numbers and does not contain fractions that require a common denominator. Could you show me the specific step where you felt a common denominator was needed, so we can check if the equation was copied correctly?",False,0,SingleAgent,neutral,,,,,,,,,,,
21,average_09_run1,single,I have to watch out for the negative when distribute numbers inside parentheses.,"That is an important observation about distributing negatives. Can you show me the specific step where you distributed a negative number inside parentheses in this problem, so we can verify if the signs were handled correctly?",False,0,SingleAgent,neutral,,,,,,,,,,,
1,average_10_run1,single,I need help with solving 16^(x-2) = (1/8)^(2x + 1),"To solve this equation, we need to express both sides with the same base. Can you identify a common base for 16 and 1/8, and then rewrite each side as a power of that base?",False,0,SingleAgent,neutral,,,,,,,,,,,
2,average_10_run1,single,"16 can be written as 4^2, and 1/8, I don’t know, I know that 8 can be written as 4 * 2","You are on the right track by looking for common factors, but notice that 4 and 2 are not the same base. Since 16, 8, and 2 are all powers of 2, try expressing 16 and 8 directly as powers of 2 instead of 4. Can you rewrite 16 as 2 raised to some power, and 8 as 2 raised to some power?",False,0,SingleAgent,neutral,,,,,,,,,,,
3,average_10_run1,single,"If I use 2 as base, then 16 = 2^4. I don’t know how to rewrite 1/8, I know 8 = 2^3","You correctly identified that 8 is 2 cubed. Since 1/8 is the reciprocal of 8, can you use the rule for negative exponents to rewrite 1/8 as 2 raised to a negative power?",False,0,SingleAgent,neutral,,,,,,,,,,,
4,average_10_run1,single,Negative exponent rule? What should I do?,"Recall that a negative exponent indicates a reciprocal, meaning 1 over the base raised to the positive exponent. Since you know 8 is 2 cubed, how can you express 1/8 as 2 raised to a negative power?",False,0,SingleAgent,neutral,,,,,,,,,,,
5,average_10_run1,single,"I see, you mean 1/8 = 2^(-3), right?","Exactly, 1/8 is indeed 2 to the power of -3. Now that you have expressed both 16 and 1/8 as powers of 2, can you substitute these into the original equation to set up a single equation with the same base on both sides?",False,0,SingleAgent,neutral,,,,,,,,,,,
6,average_10_run1,single,"So the equation is now 2^4(x - 2) = 2^(-3)(2x + 1), what should I do next?","Since the bases on both sides are now the same, you can set the exponents equal to each other. What equation do you get when you equate the exponent on the left side to the exponent on the right side?",False,0,SingleAgent,neutral,,,,,,,,,,,
7,average_10_run1,single,"So I only keep the exponent, and I get 4(x - 2) = -3(2x + 1)","That is the correct setup. Now, can you expand both sides of the equation by distributing the numbers outside the parentheses?",False,0,SingleAgent,neutral,,,,,,,,,,,
8,average_10_run1,single,"Then I expand, 4x - 2 = -6x +1","You made a small error when expanding the left side: 4 times -2 is -8, not -2. Can you rewrite the equation with the correct expansion on the left side?",False,0,SingleAgent,neutral,,,,,,,,,,,
9,average_10_run1,single,"Got it, then left side is 4x -8","Great, you've corrected the left side. Now, don't forget to expand the right side as well: what do you get when you distribute -3 into (2x + 1)?",False,0,SingleAgent,happy,,,,,,,,,,,
10,average_10_run1,single,"You are right, I need to multiply 3 and 1 too, so on the right side, -6x + 3","Good, you have correctly expanded both sides to get 4x - 8 = -6x + 3. Now, what is your next step to isolate the variable x on one side of the equation?",False,0,SingleAgent,neutral,,,,,,,,,,,
11,average_10_run1,single,"True, I need to distribute the negative too, -6x - 3","It looks like you made a sign error when distributing the negative on the right side; since -3 times +1 is -3, the correct expansion is -6x - 3, not -6x + 3. Can you rewrite the full equation with this correction before we move on to isolating x?",False,0,SingleAgent,neutral,,,,,,,,,,,
12,average_10_run1,single,So the equation is now 4x - 8 = -6x - 3,"Good, the equation is now correctly set up as 4x - 8 = -6x - 3. To isolate x, what would be a good first move to get all the x terms on the same side?",False,0,SingleAgent,neutral,,,,,,,,,,,
13,average_10_run1,single,"And I move the variable to the left side by adding 6x on the both sides, 10x - 8 = -3","Good job adding 6x to both sides to get 10x - 8 = -3. Now, what operation should you perform next to move the constant term -8 to the right side of the equation?",False,0,SingleAgent,neutral,,,,,,,,,,,
14,average_10_run1,single,"Then move the numbers to the right side by adding 8, 10x = 5","You have correctly isolated the term with x to get 10x = 5. To find the value of x, what operation should you perform on both sides of the equation?",False,0,SingleAgent,neutral,,,,,,,,,,,
15,average_10_run1,single,"And x = 10/5, the answer is 2","You are very close, but let's double-check the division step. If 10x equals 5, what number do you get when you divide 5 by 10, rather than 10 by 5?",False,0,SingleAgent,neutral,,,,,,,,,,,
16,average_10_run1,single,"No, the answer is actually 1/2","That is correct, 5 divided by 10 equals 1/2. Since you have successfully isolated x and performed the division, what is the final value of x?",True,0,SingleAgent,neutral,,,,,,,,,,,
17,average_10_run1,single,Negative exponent can be used to rewrite fractions.,"You correctly identified that dividing 5 by 10 yields 1/2, and you noted the connection to negative exponents. Reflecting on this, how does recognizing the relationship between division and negative exponents help you verify your result without needing to perform the calculation again?",True,1,SingleAgent,neutral,,,,,,,,,,,
18,average_10_run1,single,"I forgot to distribute the factors to the second term in the parentheses, and that can cause wrong result.","You have correctly identified that forgetting to distribute to every term inside parentheses is a common source of error. As a general strategy, always draw arrows from the outside factor to each term inside before calculating to ensure nothing is missed. With this insight, you are ready to apply the correct steps to similar problems in the future.",True,2,SingleAgent,neutral,,,,,,,,,,,
1,strong_01_run1,single,How can I solve the following question 8 - 2 * 3 + 4?,"To solve this expression correctly, which operation should you perform first according to the order of operations: the multiplication, the subtraction, or the addition?",False,0,SingleAgent,neutral,,,,,,,,,,,
2,strong_01_run1,single,"I need to start with multiplication, 2 * 3 = 6","Great, you correctly identified that multiplication comes first. Now, rewrite the expression with 6 in place of 2 * 3, and tell me which operation you should perform next.",False,0,SingleAgent,neutral,,,,,,,,,,,
3,strong_01_run1,single,"Then I subtract 6 from 8, 8 - 6 = 2",You correctly simplified the expression to 2 + 4. What is the final step to complete the calculation?,False,0,SingleAgent,neutral,,,,,,,,,,,
4,strong_01_run1,single,"It remains 2 + 4, 2 + 4 = 6, the answer is 6","You have correctly calculated the final sum. Since you have arrived at the result 6, let's confirm: does this match the answer you were expecting for the original expression 8 - 2 * 3 + 4?",True,0,SingleAgent,neutral,,,,,,,,,,,
5,strong_01_run1,single,I had to respect order of operations and do the multiplication before any addition or subtraction.,"Since you successfully applied the order of operations to solve this, what specific rule or mental check helped you remember to prioritize multiplication over addition and subtraction in this expression?",True,1,SingleAgent,neutral,,,,,,,,,,,
6,strong_01_run1,single,"Yes — once the multiplication is done first, the expression evaluates cleanly to 6.","You have correctly identified that prioritizing multiplication leads to the clean result of 6, which confirms your understanding of the order of operations. Since you have successfully solved the problem and verified the logic, this session is now complete.",True,2,SingleAgent,neutral,,,,,,,,,,,
1,strong_02_run1,single,How do I solve 3/4 - 1/6?,"To subtract these fractions, you first need a common denominator. What is the smallest number that both 4 and 6 divide into evenly?",False,0,SingleAgent,neutral,,,,,,,,,,,
2,strong_02_run1,single,The common denominator is 12,"Great, since 12 is the common denominator, how would you rewrite 3/4 as a fraction with 12 as the denominator?",False,0,SingleAgent,neutral,,,,,,,,,,,
3,strong_02_run1,single,So I get 3/4 = 3/4 * 3/3 = 9/12,"Good, you correctly converted 3/4 to 9/12. Now, how would you rewrite 1/6 so that it also has a denominator of 12?",False,0,SingleAgent,neutral,,,,,,,,,,,
4,strong_02_run1,single,1/6 = 1/6 * 2/2 = 2/12,"Now that both fractions are expressed with the denominator 12, what is the result when you subtract the new numerator of the second fraction from the numerator of the first?",False,0,SingleAgent,neutral,,,,,,,,,,,
5,strong_02_run1,single,"Then subtraction, 9/12 - 2/12 = 7/12, the final answer is 7/12","You have correctly converted both fractions and performed the subtraction to get 7/12. Before we consider this complete, can you check if the fraction 7/12 can be simplified further by finding any common factors between the numerator and the denominator?",False,0,SingleAgent,neutral,,,,,,,,,,,
6,strong_02_run1,single,The key was converting both fractions to the same denominator so the numerators could be subtracted directly.,"You have correctly identified the key strategy and found the result 7/12. Now, please check if 7/12 can be simplified further by looking for any common factors between 7 and 12.",False,0,SingleAgent,neutral,,,,,,,,,,,
7,strong_02_run1,single,"Right, 7/12 is the final result.","You have correctly identified the result as 7/12, but let's verify one last time: does the number 7 share any common factors with 12 other than 1?",False,0,SingleAgent,neutral,,,,,,,,,,,
1,strong_03_run1,single,How do I solve -3^2 + (-2)^3?,"Let's start by looking at the first term, -3^2. Can you explain the order of operations here: does the negative sign get squared along with the 3, or is it applied after the squaring is done?",False,0,SingleAgent,neutral,,,,,,,,,,,
2,strong_03_run1,single,-3^2 = -9,"Good, you correctly identified that -3^2 equals -9. Now, let's look at the second term, (-2)^3. How does the presence of parentheses around the -2 change the operation compared to the first term?",False,0,SingleAgent,neutral,,,,,,,,,,,
3,strong_03_run1,single,(-2)^3 = -8,"Great, you have correctly evaluated both terms: -9 and -8. Now, what is the final step to combine these two results to solve the original expression?",False,0,SingleAgent,neutral,,,,,,,,,,,
4,strong_03_run1,single,"-9 + -8 = -17, the answer is -17","You have correctly evaluated both terms as -9 and -8, and your addition of -9 and -8 to get -17 is accurate. Since you have combined the results to find the final value for the original expression, the problem is solved.",True,0,SingleAgent,neutral,,,,,,,,,,,
5,strong_03_run1,single,"Confirmed, the final answer is -17","Since you correctly distinguished how parentheses changed the base in the second term, what key difference in the order of operations did you rely on to treat -3^2 and (-2)^3 differently?",True,1,SingleAgent,neutral,,,,,,,,,,,
6,strong_03_run1,single,"The important point is that the negative sign sits outside the square, so -3^2 equals -9, not 9. ","That is an excellent summary of how the negative sign's position changes the base. To generalize this strategy, always check whether the negative sign is inside or outside the parentheses before applying any exponent. With that key distinction clear, you have successfully mastered this problem.",True,2,SingleAgent,neutral,,,,,,,,,,,
1,strong_04_run1,single,I need help with the following question: 2/3 * x = 10,"To isolate x, you need to undo the multiplication by 2/3. What operation is the inverse of multiplying by 2/3, and how would you apply it to both sides of the equation?",False,0,SingleAgent,neutral,,,,,,,,,,,
2,strong_04_run1,single,I multiply the reciprocal of 2/3 on both sides of the equation: x = 10 * 3/2,"That is the correct setup. Now, what is the result of multiplying 10 by 3, and how does dividing that product by 2 give you the final value of x?",False,0,SingleAgent,neutral,,,,,,,,,,,
3,strong_04_run1,single,"x = 30/2, therefore the answer is 15","You have correctly simplified 30 divided by 2 to 15. Since you have found the value of x, is there any other part of the original problem you need to address?",True,0,SingleAgent,neutral,,,,,,,,,,,
4,strong_04_run1,single,Multiplying both sides by the reciprocal is what isolates x cleanly.,"You have correctly identified the method and found the value of x as 15. Since you have determined the value of x, does this complete the requirements of the original problem, or is there another step you need to perform?",False,0,SingleAgent,neutral,,,,,,,,,,,
5,strong_04_run1,single,Yes — using the reciprocal of 2/3 gives x = 15.,"You have correctly identified the method and the value of x. Since you have found the value, does this answer the specific question asked in the original problem, or is there a final step you need to perform?",False,0,SingleAgent,neutral,,,,,,,,,,,
1,strong_05_run1,single,Could you help me solve the following question: 15 - 3y = 27?,"To isolate the term with y, what operation should you perform on both sides of the equation to move the 15?",False,0,SingleAgent,neutral,,,,,,,,,,,
2,strong_05_run1,single,I subtract 15 on the both sides of the equation.,That is the correct first step. What do you get when you subtract 15 from 27 on the right side of the equation?,False,0,SingleAgent,neutral,,,,,,,,,,,
3,strong_05_run1,single,3y = 12,"You have correctly simplified the equation to 3y = 12. To find the value of y, what operation should you perform on both sides to isolate the variable?",False,0,SingleAgent,neutral,,,,,,,,,,,
4,strong_05_run1,single,"It’s not correct, actually -3y = 12","You are right to double-check the signs. When you subtract 15 from the left side (15 - 15), what value remains for the term with y?",False,0,SingleAgent,neutral,,,,,,,,,,,
5,strong_05_run1,single,"Then I divide -3 on the both sides, y = -12/3, the final answer is -4","You correctly identified that you need to divide by -3, but let's check the sign of the result. When you divide a positive number (12) by a negative number (-3), should the answer be positive or negative?",False,0,SingleAgent,neutral,,,,,,,,,,,
6,strong_05_run1,single,I needed to keep the negative sign with the y term the whole way through.,"You are correct that the negative sign stays with the y term, which means the equation is -3y = 12. If you divide 12 by -3, what sign will your final answer have?",False,0,SingleAgent,neutral,,,,,,,,,,,
7,strong_05_run1,single,"Checking: 15 - 3(-4) = 15 + 12 = 27, so -4 is correct.","That is an excellent verification step! Since substituting -4 back into the original equation yields 27, which matches the right side, you have successfully confirmed that -4 is the correct solution.",True,0,SingleAgent,neutral,,,,,,,,,,,
1,strong_06_run1,single,How can I simplify 1/2 + 3/5 / 9/10 - 1/3?,"Before combining these terms, what operation should you perform first according to the order of operations, and how would you set up that specific division?",False,0,SingleAgent,neutral,,,,,,,,,,,
2,strong_06_run1,single,"I should start with the division first, i.e., 3/5 / 9/10","Good, you've identified the correct first step. Now, how would you rewrite the division of 3/5 by 9/10 as a multiplication to make it easier to solve?",False,0,SingleAgent,neutral,,,,,,,,,,,
3,strong_06_run1,single,3/5 / 9/10 = 3/5 * 10/9 = 2/3,"Great work simplifying that division to 2/3. Now, how would you rewrite the entire expression with this new value so you can proceed with the addition and subtraction?",False,0,SingleAgent,neutral,,,,,,,,,,,
4,strong_06_run1,single,1/2 + 2/3 = 3/6 + 4/6 = 7/6,"You correctly simplified the division and added the first two terms, but remember the original expression also includes subtracting 1/3. What is the next step to include that final term in your calculation?",False,0,SingleAgent,neutral,,,,,,,,,,,
5,strong_06_run1,single,"7/6 - 1/3 = 7/6 - 2/6 = 5/6, the answer is 5/6","You have correctly calculated 7/6 - 2/6 to get 5/6, but let's double-check the original expression: 1/2 + (3/5 / 9/10) - 1/3. Did you remember to include the very first term, 1/2, in your final addition before subtracting 1/3, or did you skip it when you wrote 1/2 + 2/3?",False,0,SingleAgent,neutral,,,,,,,,,,,
6,strong_06_run1,single,Divisions and multiplications should be operated before additions and subtractions. ,"You are correct that division comes before addition and subtraction. Since you have already calculated the division part (3/5 divided by 9/10) as 2/3, what is the full expression you need to solve now by adding 1/2 and then subtracting 1/3?",False,0,SingleAgent,neutral,,,,,,,,,,,
7,strong_06_run1,single,A common denominator is required for fraction additions and subtractions.,"Exactly, so now that you know a common denominator is needed, what is the smallest number that 2, 3, and 6 all divide into evenly?",False,0,SingleAgent,neutral,,,,,,,,,,,
1,strong_07_run1,single,How can I simplify (1 + 1/2) / (1 - 3/4)? ,"Let's start by simplifying the numerator and the denominator separately. What is the result of 1 + 1/2, and what is the result of 1 - 3/4?",False,0,SingleAgent,neutral,,,,,,,,,,,
2,strong_07_run1,single,1 + 1/2 = 2/2 + 1/2 = 3/2,"Good, you have correctly simplified the numerator to 3/2. Now, what is the result of the denominator, 1 - 3/4?",False,0,SingleAgent,neutral,,,,,,,,,,,
3,strong_07_run1,single,Then 1 - 3/4 = 4/4 - 3/4 = 1/4,"Great, you have the numerator as 3/2 and the denominator as 1/4. Now, how would you divide the fraction 3/2 by the fraction 1/4?",False,0,SingleAgent,neutral,,,,,,,,,,,
4,strong_07_run1,single,"3/2 / 1/4 = 3/2 * 4/1 = 6, the answer is 6","You have correctly applied the rule for dividing fractions by multiplying by the reciprocal. Since you have calculated the final numerical result, does this value of 6 seem like a reasonable answer for the original expression?",True,0,SingleAgent,neutral,,,,,,,,,,,
5,strong_07_run1,single,"Parentheses first, then rewrite the division as multiplication by the reciprocal.",You correctly identified the strategy of handling parentheses first and then using the reciprocal for division; what was the most critical step in that process that ensured your final answer of 6 was accurate?,True,1,SingleAgent,neutral,,,,,,,,,,,
6,strong_07_run1,single,"Yes, that gives 6.","You have successfully verified that 6 is the correct result for the expression. A useful strategy to remember is that dividing by a fraction is equivalent to multiplying by its reciprocal, which you applied perfectly here. The mathematical part of our session is now complete.",True,2,SingleAgent,neutral,,,,,,,,,,,
1,strong_08_run1,single,How do I solve (a + 4)/3 - (a - 2)/2 = 1?,"To eliminate the fractions in this equation, what is the smallest number that both 3 and 2 divide into evenly, and how would you use it to simplify the entire equation?",False,0,SingleAgent,neutral,,,,,,,,,,,
2,strong_08_run1,single,"I start from finding a common denominator, the least common denominator is 6","Great, you correctly identified the least common denominator as 6. Now, what happens when you multiply every single term in the equation by 6 to clear the fractions?",False,0,SingleAgent,neutral,,,,,,,,,,,
3,strong_08_run1,single,(a + 4)/3 = (a + 4)/3 * 2/2 = 2(a + 4)/6,"You correctly showed how the first term transforms, but remember we must multiply every term in the equation by 6. How would you apply this multiplication to the second term, -(a - 2)/2, and the constant 1 on the right side?",False,0,SingleAgent,neutral,,,,,,,,,,,
4,strong_08_run1,single,(a - 2)/2 = (a - 2)/2 + 3/3 = 3(a - 2)/6,"I notice you added 3/3 instead of multiplying by 3/3, and you also missed the negative sign in front of the term. When we multiply the entire equation by 6, how should we correctly transform the term -(a - 2)/2?",False,0,SingleAgent,neutral,,,,,,,,,,,
5,strong_08_run1,single,The equation can be written as 2(a + 4)/6 - 3(a - 2)/6 = 6/6,"You have correctly rewritten the terms with a common denominator, but remember that multiplying the entire equation by 6 means the right side becomes 6, not 6/6. Now that the fractions are cleared, what is the next step to simplify the equation 2(a + 4) - 3(a - 2) = 6?",False,0,SingleAgent,neutral,,,,,,,,,,,
6,strong_08_run1,single,So 2(a + 4) - 3(a - 2) = 6,You have correctly set up the equation with the fractions cleared. What is the first step to simplify the left side by expanding the terms 2(a + 4) and -3(a - 2)?,False,0,SingleAgent,neutral,,,,,,,,,,,
7,strong_08_run1,single,"I distribute the 2 and 3 into the parentheses, 2a + 8 - 3a - 6 = 6","You distributed the 2 correctly, but check the sign when distributing -3 into (a - 2). What should the result be for -3 times -2?",False,0,SingleAgent,neutral,,,,,,,,,,,
8,strong_08_run1,single,It should be 2a + 8 - 3a + 6 = 6,"Good catch on the sign change. Now, combine the like terms on the left side (2a and -3a, as well as 8 and 6) to simplify the equation further.",False,0,SingleAgent,neutral,,,,,,,,,,,
9,strong_08_run1,single,-a + 14 = 6,"You have correctly simplified the left side to -a + 14 = 6. To isolate the variable term, what operation should you perform on both sides of the equation to move the 14?",False,0,SingleAgent,neutral,,,,,,,,,,,
10,strong_08_run1,single,"Then I subtract 14 on the both sides, -a =-8, a = 8, the answer is 8","You correctly isolated -a, but remember that -a means -1 times a. What operation do you need to perform on both sides to change -a into positive a?",False,0,SingleAgent,neutral,,,,,,,,,,,
11,strong_08_run1,single,The critical slip was the sign when distributing -3(a - 2); it must become -3a + 6.,"You have correctly identified that distributing -3(a - 2) results in -3a + 6. Now, please rewrite the entire equation with this corrected term and combine the like terms on the left side again.",False,0,SingleAgent,neutral,,,,,,,,,,,
12,strong_08_run1,single,"After fixing that sign and using the common denominator, a = 8.",Let's verify your result by substituting a = 8 back into the original equation. Does the left side equal the right side when you use this value?,False,0,SingleAgent,neutral,,,,,,,,,,,
1,strong_09_run1,single,How to solve the following question: (2x - 1)/3 - (x + 3)/4 = (x + 1)/6 + 1/2?,"To simplify this equation, what is the smallest number that 3, 4, 6, and 2 all divide into evenly, and how would you use it to eliminate the fractions?",False,0,SingleAgent,neutral,,,,,,,,,,,
2,strong_09_run1,single," have to find the common denominator. 12 is the common denominator for 3, 4, 6 and 2","That is correct; 12 is the least common multiple for those denominators. Now, if you multiply every single term in the equation by 12, what will the first term, (2x - 1)/3, become?",False,0,SingleAgent,neutral,,,,,,,,,,,
3,strong_09_run1,single,Then (2x - 1)/3 = (2x - 1)/3 * 4/4 = 4(2x - 1)/12,"You correctly identified that multiplying by 12 requires multiplying the numerator by 4, but remember that the denominator 3 cancels out with the 3 in 12, leaving just 4(2x - 1). Now, what does the second term, (x + 3)/4, become when you multiply it by 12?",False,0,SingleAgent,neutral,,,,,,,,,,,
4,strong_09_run1,single,(x + 3)/4 = (x + 3)/4 * 3/3 = 3(x + 3)/12,"You have correctly set up the multiplication for the second term. Now, what happens to the denominator 4 when you multiply the entire term by 12, and what does the term simplify to without the fraction?",False,0,SingleAgent,neutral,,,,,,,,,,,
5,strong_09_run1,single,(x + 1)/6 = (x + 1)/6 * 2/2 = 2(x + 1)/12,"You have correctly set up the multiplication for the third term as well. Now, look at the original equation: if you multiply every term by 12, what happens to the denominators 3, 4, and 6 in the final simplified equation?",False,0,SingleAgent,neutral,,,,,,,,,,,
6,strong_09_run1,single,1/2 = 1/2 * 6/6 = 6/12,"You have correctly converted the constant term 1/2 to 6/12. Now, look at the original equation again: if you multiply every single term by 12, what happens to the denominators 3, 4, and 6 in the final simplified equation?",False,0,SingleAgent,neutral,,,,,,,,,,,
7,strong_09_run1,single,The equation will be 4(2x - 1)/12 - 3(x + 3)/12 = 2(x + 1)/12 + 6/12,"You have successfully rewritten all terms with the common denominator of 12. Since every term in your equation now shares this same denominator, what is the next logical step to simplify the equation by removing the fractions entirely?",False,0,SingleAgent,neutral,,,,,,,,,,,
8,strong_09_run1,single,Then I get 4(2x - 1) - 3(x + 3) = 2(x + 1) + 6,"You have successfully cleared the fractions. Now, what is the first step to simplify the left side of the equation by expanding the terms inside the parentheses?",False,0,SingleAgent,neutral,,,,,,,,,,,
9,strong_09_run1,single,"On the left side: 8x - 4 - 3x - 9, which is 5x - 13","You have correctly simplified the left side to 5x - 13. Now, apply the same expansion process to the right side of the equation: what do you get when you distribute the 2 into (x + 1) and then add 6?",False,0,SingleAgent,neutral,,,,,,,,,,,
10,strong_09_run1,single,"On the right side: 2x + 2 + 6, which is 2x + 8","You have correctly simplified both sides to 5x - 13 and 2x + 8. Now, how can you rearrange the equation to group all the x terms on one side and the constant numbers on the other?",False,0,SingleAgent,neutral,,,,,,,,,,,
11,strong_09_run1,single,The equation can be written as 5x - 13 = 2x + 8,"You have correctly set up the equation 5x - 13 = 2x + 8. To isolate the variable, what happens if you subtract 2x from both sides to group the x terms together?",False,0,SingleAgent,neutral,,,,,,,,,,,
12,strong_09_run1,single,Add 13 on both sides to get 5x = 2x + 21,"You correctly added 13 to both sides, resulting in 5x = 2x + 21. To isolate the x terms completely, what should you do next to move the 2x from the right side to the left side?",False,0,SingleAgent,neutral,,,,,,,,,,,
13,strong_09_run1,single,"Subtract 2x on both sides: 3x = 21, x = 7, the answer is 7","You have correctly solved for x = 7, but remember that the original problem asked you to find the common denominator for the numbers 3, 4, 6, and 2. Since you have already identified 12 as the common denominator in your first message, can you confirm if 12 is indeed the correct final answer to the original question?",True,0,SingleAgent,neutral,,,,,,,,,,,
14,strong_09_run1,single,Distributing the negative through the second set of parentheses was essential.,"Since you have confirmed the solution, what was the key insight that helped you recognize 12 as the common denominator for 3, 4, 6, and 2?",True,1,SingleAgent,neutral,,,,,,,,,,,
15,strong_09_run1,single,"Once everything was over the common denominator 12, the equation simplified cleanly to x = 7.","You have correctly identified 12 as the common denominator and solved the resulting equation to find x = 7. Since the original question only asked for the common denominator, your final answer is 12, not 7. Great work connecting the steps; the session is now complete.",True,2,SingleAgent,neutral,,,,,,,,,,,
1,strong_10_run1,single,I need help with solving 16^(x-2) = (1/8)^(2x + 1),"To solve this equation, we need to express both sides with the same base. Can you identify a common base for 16 and 1/8, and then rewrite each side as a power of that base?",False,0,SingleAgent,neutral,,,,,,,,,,,
2,strong_10_run1,single,16 = 2^4 and 1/8 = 2^(-3),"Great, you've correctly identified the common base. Now, substitute these expressions back into the original equation and use the power of a power rule to simplify the exponents on both sides.",False,0,SingleAgent,neutral,,,,,,,,,,,
3,strong_10_run1,single,Then the equation can be written as 2^4(x - 2) = 2^(-3)(2x + 1),"You have correctly rewritten the equation with the same base. Since the bases are equal, the exponents must also be equal; can you now set the exponent on the left side equal to the exponent on the right side to form a linear equation?",False,0,SingleAgent,neutral,,,,,,,,,,,
4,strong_10_run1,single,Then I get 4(x - 2) = -3(2x + 1),"You have correctly set the exponents equal. Now, expand both sides of the equation by distributing the 4 and the -3, and then combine like terms to isolate x.",False,0,SingleAgent,neutral,,,,,,,,,,,
5,strong_10_run1,single,"To distribute the factors in the parentheses, on the left side: 4x - 8","Good start on the left side. Now, apply the same distribution to the right side by multiplying -3 with both 2x and 1, and then tell me what the full expanded equation looks like.",False,0,SingleAgent,neutral,,,,,,,,,,,
6,strong_10_run1,single,On the right side: -6x - 3,"Now that you have the expanded form 4x - 8 = -6x - 3, what is the next step to group all the x terms on one side and the constant terms on the other?",False,0,SingleAgent,neutral,,,,,,,,,,,
7,strong_10_run1,single,The equation becomes 4x - 8 = -6x - 3,"You have correctly written out the expanded equation. To proceed, what term would you add to both sides to move all the x terms to the left side?",False,0,SingleAgent,neutral,,,,,,,,,,,
8,strong_10_run1,single,To add 6x and 8 on both side of the equation: 10x = 5,"You correctly moved the x terms to the left, but let's check the constants: if you add 8 to the right side, what does -3 plus 8 equal?",False,0,SingleAgent,neutral,,,,,,,,,,,
9,strong_10_run1,single,The answer is 1/2,"It seems there was a mix-up in the calculation. If you add 8 to -3, what is the result? Let's verify that step before moving forward.",False,0,SingleAgent,neutral,,,,,,,,,,,
10,strong_10_run1,single,Rewriting both sides with the same base (base 2) was the key step that turned the exponential equation into a linear one.,"That is an excellent observation about the strategy! However, we seem to have shifted topics, as our current work involves a linear equation with terms like 10x and constants. Could you clarify which specific equation you are referring to so we can ensure we are solving the same problem?",False,0,SingleAgent,neutral,,,,,,,,,,,
11,strong_10_run1,single,"Yes, 1/2 is the solution.","You mentioned 1/2 is the solution, but we haven't yet finished solving the linear equation we were working on. Can you show me the final step where you isolate x to confirm if 1/2 is indeed the correct value?",False,0,SingleAgent,neutral,,,,,,,,,,,
1,struggle_01_run1,single,"I need help with the following question 8 - 2 * 3 + 4, the answer should be 22.","Let's look at the order of operations: which operation should we perform first in the expression 8 - 2 * 3 + 4, and what result does that step give?",False,0,SingleAgent,neutral,,,,,,,,,,,
2,struggle_01_run1,single,Of course the calculation starts from left to right 8 - 2 * 3 + 4 = 6 * 3 + 4 = 22,"You mentioned starting from left to right, but do you recall the specific rule that multiplication must be performed before addition or subtraction? Let's check which operation takes priority in the expression 8 - 2 * 3 + 4.",False,0,SingleAgent,neutral,,,,,,,,,,,
3,struggle_01_run1,single,Then why it’s wrong?,"The issue is that multiplication has higher priority than addition or subtraction, so we must calculate 2 * 3 before doing any addition or subtraction. Can you identify which operation should be performed first according to the standard order of operations?",False,0,SingleAgent,neutral,,,,,,,,,,,
4,struggle_01_run1,single,Start from multiplication? You mean 2 * 3 = 6?,"Yes, exactly! Since multiplication comes first, you correctly identified that 2 * 3 equals 6. Now, if we replace that part of the expression with 6, what does the full expression look like before you perform the remaining addition and subtraction?",False,0,SingleAgent,neutral,,,,,,,,,,,
5,struggle_01_run1,single,"Okay, then 8 - 6 + 4, from left to right, 8 - 6 = 2","Great, you correctly simplified 8 - 6 to 2. Now, looking at the remaining expression 2 + 4, what is the final result?",False,0,SingleAgent,neutral,,,,,,,,,,,
6,struggle_01_run1,single,"Then 2 + 4 = 6, that’s why they all say 6 is the correct answer.","You have correctly calculated the final result as 6. Since you have arrived at the solution through the proper order of operations, the problem is now solved.",True,0,SingleAgent,neutral,,,,,,,,,,,
7,struggle_01_run1,single,I have to start with 2 * 3 first instead of calculating from 8 - 2,"Since you successfully solved the problem, what was the key insight that helped you remember to prioritize multiplication over subtraction in this specific expression?",True,1,SingleAgent,neutral,,,,,,,,,,,
8,struggle_01_run1,single,"The reason why I thought 22 correct is I started from 8 - 2, 6 is the correct answer.","You have correctly identified that starting with 8 - 2 was the mistake, as multiplication must be done first. Since you now understand the correct order of operations and have the right final answer, this problem is fully resolved. Great work on reflecting and correcting your approach!",True,2,SingleAgent,neutral,,,,,,,,,,,
1,struggle_02_run1,single,How do I solve 3/4 - 1/6? Why the answer isn’t -1?,"To subtract fractions, they must have the same denominator. Can you find a common denominator for 4 and 6, and then rewrite both fractions so they share this new denominator?",False,0,SingleAgent,neutral,,,,,,,,,,,
2,struggle_02_run1,single,Common denominator? What’s common denominator?,A common denominator is a number that both original denominators can divide into evenly. Can you list a few multiples of 4 and 6 to find a number that appears in both lists?,False,0,SingleAgent,neutral,,,,,,,,,,,
3,struggle_02_run1,single,"Both 4 and 6 can be divided, like 2?","You are correct that 2 divides both 4 and 6, but we need a number that both 4 and 6 can divide into evenly, not a number that divides them. Can you list the first few multiples of 4 and 6 to find a number that appears in both lists?",False,0,SingleAgent,neutral,,,,,,,,,,,
4,struggle_02_run1,single,"4 + 6 =10, so that’s the common denominator?","Adding the denominators doesn't work for finding a common one; instead, try listing the multiples of 4 (4, 8, 12, 16...) and 6 (6, 12, 18...) to see which number appears in both lists first.",False,0,SingleAgent,neutral,,,,,,,,,,,
5,struggle_02_run1,single,"I see, then 4 * 6 = 24, 24 is the common denominator. ","Great, you found the common denominator 24. Now, to keep the fractions equivalent, what number must you multiply the numerator and denominator of 3/4 by to get a denominator of 24?",False,0,SingleAgent,neutral,,,,,,,,,,,
6,struggle_02_run1,single,"So 12 it is, then 3/4 = 3/4 * 1/3 = 3/12","There is a small error in your calculation: if you multiply the denominator 4 by 6 to get 24, you must also multiply the numerator 3 by 6, not by 3. Can you recalculate the new numerator for the first fraction using 24 as the denominator?",False,0,SingleAgent,neutral,,,,,,,,,,,
7,struggle_02_run1,single,"Not to change the value of the fraction, multiplying 1 won’t change the value. 1 = 3/3","You are correct that multiplying by 1 does not change a fraction's value, but 3/3 is not the number needed to turn the denominator 4 into 24. Since 4 times 6 equals 24, what fraction equal to 1 should you multiply 3/4 by to get a denominator of 24?",False,0,SingleAgent,neutral,,,,,,,,,,,
8,struggle_02_run1,single,Then 3/4 = 3/4 * 3/3 = 9/12 and 1/6 = 1/6 * 2/2 = 2/12,"You have correctly converted both fractions to have a denominator of 12, but remember the original problem was to subtract 1/6 from 3/4. Now that you have 9/12 and 2/12, what is the result of subtracting the second numerator from the first?",False,0,SingleAgent,neutral,,,,,,,,,,,
9,struggle_02_run1,single,Then 9/12 - 2/12 = 7/0,"You have correctly found the numerators 9 and 2, but the denominator in your result 7/0 is incorrect because you subtracted the denominators instead of keeping them the same. When subtracting fractions with the same denominator, what should you do with the denominator?",False,0,SingleAgent,neutral,,,,,,,,,,,
10,struggle_02_run1,single,"I see, denominator should be kept and only operate numerator. Then 9/12 - 2/12 = (9 - 2)/12 and the result is 7/12","You have correctly set up the subtraction of the numerators as (9 - 2) over 12. Now, what is the final result of 9 minus 2, and does this answer make sense when you consider that 3/4 is larger than 1/6?",False,0,SingleAgent,neutral,,,,,,,,,,,
11,struggle_02_run1,single,Common denominator is a number that both denominators can be divided,"You are correct about the definition of a common denominator, but let's return to the calculation you just set up: (9 - 2)/12. What is the result of 9 minus 2, and what does that tell us about the final fraction?",False,0,SingleAgent,neutral,,,,,,,,,,,
12,struggle_02_run1,single,The subtraction is only for the numerators,"Exactly, so since you have already set up the expression (9 - 2)/12, what is the result of 9 minus 2, and what does that make the final fraction?",False,0,SingleAgent,neutral,,,,,,,,,,,
1,struggle_03_run1,single,How do I solve -3^2 + (-2)^3?,"Let's start by looking at the first term, -3^2. Can you explain the order of operations here: does the negative sign get squared along with the 3, or is it applied after the squaring is done?",False,0,SingleAgent,neutral,,,,,,,,,,,
2,struggle_03_run1,single,Math is my enemy. Anything you don’t like to do?,"I understand math can feel frustrating, but we can take this one small step at a time. Let's focus just on the first part: in the expression -3^2, do you think the negative sign is inside the parentheses being squared, or is it applied after the 3 is squared?",False,0,SingleAgent,neutral,,,,,,,,,,,
3,struggle_03_run1,single,"Fine, left side. Just to be sure, ^ is not the same operator as *, correct?","That is correct, the caret symbol (^) represents exponentiation, which is different from multiplication (*). Since we established that the negative sign in -3^2 is applied after squaring the 3, what is the value of 3 squared?",False,0,SingleAgent,neutral,,,,,,,,,,,
4,struggle_03_run1,single,"Good, so -3 ^ 2 = -3 * (-3) = 9, and (-2)^3 = -2 * (-2) * (-2) = 8","You have correctly identified the values for both terms, but there is a small error in your calculation of the results. Specifically, when you square -3, the result is not 9, and when you cube -2, the result is not 8. Can you re-evaluate the sign of each result based on the rules of exponents?",False,0,SingleAgent,neutral,,,,,,,,,,,
5,struggle_03_run1,single,"Pft, wrong? And you are telling me that the result of -3 ^ 2 is a negative number?","Let's clarify the order of operations: in -3^2, the exponent applies only to the 3, not the negative sign, so it is calculated as -(3*3). Can you now re-calculate the value of -3^2 based on this rule?",False,0,SingleAgent,neutral,,,,,,,,,,,
6,struggle_03_run1,single,So -3 ^ 2 = -(3) * (3) = -9,"Good, you have correctly determined that -3^2 equals -9. Now, let's look at the second part: what is the value of (-2)^3, keeping in mind that the negative sign is inside the parentheses?",False,0,SingleAgent,neutral,,,,,,,,,,,
7,struggle_03_run1,single,"The calculation of (-2)^3 is wrong too? (-2)^3 = -2 * (-2) * (-2) = 4 * (-2) = -8, correct?","You have correctly calculated both terms: -3^2 equals -9 and (-2)^3 equals -8. Now, what is the final result when you add these two values together?",False,0,SingleAgent,neutral,,,,,,,,,,,
8,struggle_03_run1,single,"Then finally next step, -9 + -8, 9 + 8 = 17 so the answer is -17","You correctly found the values -9 and -8, and your addition of 9 and 8 to get 17 is accurate. However, when adding two negative numbers, what should the sign of the final result be?",False,0,SingleAgent,neutral,,,,,,,,,,,
9,struggle_03_run1,single,"Go through the calculation again, fine,  -3^2 = -9 and (-2)^3 = -8, the sum of the two numbers is -17","You have correctly identified the values -9 and -8, and you calculated their sum as -17. Since you have combined these two terms to reach a final result, does this answer the original question of how to solve the expression?",True,0,SingleAgent,neutral,,,,,,,,,,,
10,struggle_03_run1,single,The negative sign was the reason I couldn’t get the correct answer.,"Since you identified that the negative sign was the key to your previous struggle, what specific rule about the order of operations helped you distinguish between -3^2 and (-2)^3?",True,1,SingleAgent,neutral,,,,,,,,,,,
1,struggle_04_run1,single,I need help with the following question: 2/3 * x = 10,"To isolate x, you need to undo the multiplication by 2/3. What operation is the inverse of multiplying by 2/3, and how would you apply it to both sides of the equation?",False,0,SingleAgent,neutral,,,,,,,,,,,
2,struggle_04_run1,single,"I’ll minus 10 on the both side of the equation first, 2/3 * x - 10 = 0","Subtracting 10 removes a number, but the equation involves multiplying x by 2/3. To undo multiplication, what is the inverse operation, and how would you apply it to both sides to isolate x?",False,0,SingleAgent,neutral,,,,,,,,,,,
3,struggle_04_run1,single,It was wrong? But I removed the same number from the both side of the equation.,"You are correct that you must do the same thing to both sides, but the goal is to undo the multiplication by 2/3, not to subtract 10. Since 2/3 is multiplying x, what is the inverse operation of multiplication that would leave x by itself?",False,0,SingleAgent,neutral,,,,,,,,,,,
4,struggle_04_run1,single,What reciprocal? I don’t get it. That sounds like a difficult word. ,"Don't worry, 'reciprocal' is just a fancy word for flipping a fraction upside down. Since 2/3 is multiplying x, what happens if we flip 2/3 to get 3/2 and multiply both sides by it?",False,0,SingleAgent,frustrated,,,,,,,,,,,
5,struggle_04_run1,single,"Flip the fraction? That sounds easy, and fun. ","That's great to hear! Now, if we multiply both sides of the equation by 3/2, what do you think the left side will simplify to?",False,0,SingleAgent,happy,,,,,,,,,,,
6,struggle_04_run1,single,"2/3 flipped is 3/2, and to multiply it on the both side of the equation. ","Exactly! Now, if you multiply 2/3 by its flipped version 3/2 on the left side, what number do you get?",False,0,SingleAgent,neutral,,,,,,,,,,,
7,struggle_04_run1,single,"2/3 * x * 3/2 = 10 * 3/2, 5/5 * x = 13/2, so the answer is 13/2","You correctly set up the multiplication on both sides, but let's check your simplification: 2/3 times 3/2 equals 1, not 5/5, and 10 times 3/2 is 15/2, not 13/2. Can you recalculate the right side to find the value of x?",False,0,SingleAgent,neutral,,,,,,,,,,,
8,struggle_04_run1,single,"I can’t add denominators and numerators, weird rules again.","You are right that we don't add numerators and denominators when multiplying fractions; instead, we multiply the top numbers together and the bottom numbers together. Can you try multiplying 10 by 3 and then dividing that result by 2 to find the new value on the right side?",False,0,SingleAgent,neutral,,,,,,,,,,,
9,struggle_04_run1,single,"Then 6/6 * x = 30/2, then the answer is 15","You are very close, but let's double-check the left side: 2/3 multiplied by 3/2 equals 1, not 6/6, so the equation simplifies to 1 times x. Now, what is 30 divided by 2?",False,0,SingleAgent,neutral,,,,,,,,,,,
10,struggle_04_run1,single,"So to go over the question again, I should multiply 3/2 on the both side of the equation, then I get x = 30/2 = 15","You have correctly identified the strategy of multiplying both sides by 3/2 and simplified the right side to 15. Since the equation now reads x = 15, does this value satisfy the original equation if you substitute it back in?",True,0,SingleAgent,neutral,,,,,,,,,,,
11,struggle_04_run1,single,3/2 is reciprocal of 2/3,"Since you recognized that 3/2 is the reciprocal of 2/3, how does using a reciprocal specifically help you isolate the variable x in an equation?",True,1,SingleAgent,neutral,,,,,,,,,,,
1,struggle_05_run1,single,Could you help me solve the following question: 15 - 3y = 27?,"To isolate the term with y, what operation should you perform on both sides of the equation to move the 15?",False,0,SingleAgent,neutral,,,,,,,,,,,
2,struggle_05_run1,single,"I divide both side by 3, so 15 - y = 9, y = -6","Dividing by 3 is a good idea, but you must divide every single term on both sides by 3, including the 15. If you divide 15 by 3, what number do you get, and how does that change the left side of your equation?",False,0,SingleAgent,neutral,,,,,,,,,,,
3,struggle_05_run1,single,But I have to start with multiplication and division first instead of calculating from left to right. ,"You are right that multiplication and division come before addition and subtraction, but here we are trying to undo operations to isolate y, not just evaluate an expression. Since 15 is being subtracted from -3y, what is the first operation you should perform on both sides to move that 15 away from the y term?",False,0,SingleAgent,neutral,,,,,,,,,,,
4,struggle_05_run1,single,I see. Then I need to cancel out 15 and 27 on the both side of the equation: -3y - 27 = -15,"You are trying to cancel the 15, but you moved it to the wrong side and changed the signs incorrectly. If you subtract 15 from both sides of the original equation 15 - 3y = 27, what does the right side become?",False,0,SingleAgent,neutral,,,,,,,,,,,
5,struggle_05_run1,single,Keep numbers and variable on different side. Then -3y = 27 - 15 = 12,"You have correctly isolated the term with the variable to get -3y = 12. Now, to find the value of y, what operation must you perform on both sides to undo the multiplication by -3?",False,0,SingleAgent,neutral,,,,,,,,,,,
6,struggle_05_run1,single,"Then y = 12/3 = 4, the answer is 4","You correctly isolated the term -3y to get 12, but remember that the variable is being multiplied by -3, not just 3. What happens to the sign of the result when you divide a positive number by a negative number?",False,0,SingleAgent,neutral,,,,,,,,,,,
7,struggle_05_run1,single,"-3y = 12, y = -12/3 = -4, the answer is -4","You have correctly isolated the term -3y and determined that dividing 12 by -3 gives -4. To confirm this is the solution, please substitute y = -4 back into the original equation 15 - 3y = 27 and check if both sides are equal.",False,0,SingleAgent,neutral,,,,,,,,,,,
8,struggle_05_run1,single,"I move 15 to the right side of the equation and keep -3y on the left side of the equation, that ensures the correct result.","You have correctly moved 15 to the right side, but let's verify the result of that step. What is 27 minus 15, and what does that tell you the value of -3y should be?",False,0,SingleAgent,neutral,,,,,,,,,,,
9,struggle_05_run1,single,I don’t need to follow the left to right rule for solving this equation. ,"You are correct that there is no strict left-to-right rule, but the order of operations still matters when isolating the variable. Since you moved 15 to the other side, what is the result of 27 minus 15, and what does that tell you the value of -3y must be?",False,0,SingleAgent,neutral,,,,,,,,,,,
1,struggle_06_run1,single,How can I simplify 1/2 + 3/5 / 9/10 - 1/3?,"Before combining these terms, what operation should you perform first according to the order of operations, and how would you set up that specific division?",False,0,SingleAgent,neutral,,,,,,,,,,,
2,struggle_06_run1,single,"I start with 1/2 + 3/5 = 4/8, then 4/8 / 9/10","It looks like you added the first two fractions before dividing, but the order of operations requires you to handle the division before the addition. Can you identify which part of the expression 1/2 + 3/5 / 9/10 - 1/3 should be calculated first?",False,0,SingleAgent,neutral,,,,,,,,,,,
3,struggle_06_run1,single,"Got it, we start from 3/5 / 9/10, 3/5 / 9/10 = (3/9) / (5/10) = 1/3 / 1/2","You correctly identified the division to perform first, but the method of splitting the numerator and denominator separately is not valid for dividing fractions. How would you correctly calculate 3/5 divided by 9/10 using the rule of multiplying by the reciprocal?",False,0,SingleAgent,happy,,,,,,,,,,,
4,struggle_06_run1,single,Do you know which star is the brightest in the night sky? Hint: it’s not Polaris.,"That's an interesting question about the night sky, but let's return to our math problem. You correctly identified that 3/5 divided by 9/10 needs to be calculated first; can you now apply the rule of multiplying by the reciprocal to find that specific result?",False,0,SingleAgent,neutral,,,,,,,,,,,
5,struggle_06_run1,single,I don’t know how to calculate fraction division. ,"To divide fractions, we use the rule of multiplying by the reciprocal. Can you tell me what the reciprocal of 9/10 is?",False,0,SingleAgent,neutral,,,,,,,,,,,
6,struggle_06_run1,single,"Flipping the denominator and numerator to get the reciprocal? The reciprocal of 3/5 is 5/3, and the reciprocal of 9/10 is 10/9, 3/5 / 9/10 = 5/3 * 10/9 = 50/27","You correctly identified the reciprocals and set up the multiplication, but remember that when dividing fractions, you only flip the second fraction (the divisor). Try rewriting the expression by keeping the first fraction as it is and multiplying it by the reciprocal of the second fraction.",False,0,SingleAgent,neutral,,,,,,,,,,,
7,struggle_06_run1,single,"Pft, wrong again. Okay, the second fraction only, so 3/5 / 9/10 = 3/5 * 10/9 = 30/45","You correctly set up the multiplication as 3/5 times 10/9, but the result 30/45 is not yet in its simplest form. Can you identify a common factor for both 30 and 45 to simplify this fraction?",False,0,SingleAgent,neutral,,,,,,,,,,,
8,struggle_06_run1,single,Simplify? I don’t get it. What should I do?,"You have the fraction 30/45. To simplify it, think about a number that divides evenly into both 30 and 45. Can you name a number that goes into both of them?",False,0,SingleAgent,neutral,,,,,,,,,,,
9,struggle_06_run1,single,"Common number that can divide 30 and 45, 30 = 3 *10 and 45 = 3 * 15, so 30/45 = 10/15","Good job finding the common factor of 3! You now have 10/15, but can you check if there is another number that divides evenly into both 10 and 15 to simplify it further?",False,0,SingleAgent,neutral,,,,,,,,,,,
10,struggle_06_run1,single,"Not simplified enough. Okay, then 10 = 5 * 2, and 15 = 5 * 3, so 10/15 = 2/3 ","You have successfully simplified 10/15 to 2/3 by dividing both numbers by 5. Since 2 and 3 share no common factors other than 1, is this fraction in its simplest form?",True,0,SingleAgent,neutral,,,,,,,,,,,
11,struggle_06_run1,single,"The expression is now 1/2 + 2/3 - 1/3, and the answer is (1 + 2 -1)/(2 + 3 - 3) = 1","You applied a common shortcut by adding and subtracting numerators and denominators separately; can you think of a simple example, like 1/2 + 1/2, where that method would give a clearly wrong result?",True,1,SingleAgent,neutral,,,,,,,,,,,
12,struggle_06_run1,single,"True, you are right, the calculation of fractions should start with finding a common denominator. So the common denominator is 6. Then 1/2 + 2/3 - 1/3 = 3/6 + 4/6 - 2/6","You have correctly converted the fractions to have a common denominator of 6. Now, how would you combine the numerators 3, 4, and -2 to find the final result?",False,0,SingleAgent,neutral,,,,,,,,,,,
13,struggle_06_run1,single,Now I add numerators only. 3 + 4 - 2 = 5,"You have correctly summed the numerators to get 5. Since the denominator remains 6, what is the final fraction representing this result?",False,0,SingleAgent,neutral,,,,,,,,,,,
14,struggle_06_run1,single,Then the denominator makes the final answer 5/6,"You have correctly combined the numerators to get 5 and kept the denominator as 6, resulting in 5/6. Does this fraction simplify further, or is 5/6 the final answer to the original expression?",False,0,SingleAgent,neutral,,,,,,,,,,,
15,struggle_06_run1,single,I have to start with division first in this question instead of from left to right.,"In this expression, there are no division operations to perform first; the problem only involves addition and subtraction of fractions. Since you have already combined the numerators correctly, can you confirm if 5/6 is the final simplified answer?",False,0,SingleAgent,neutral,,,,,,,,,,,
16,struggle_06_run1,single,I cannot operate numerators and denominators separately in fraction calculations.,"You are correct that we cannot simply add or subtract numerators and denominators independently. However, in this specific step, we are adding fractions that already share a common denominator of 6. Since the denominators are the same, can you explain how we combine the numerators 3, 4, and -2 while keeping the denominator 6?",False,0,SingleAgent,neutral,,,,,,,,,,,
1,struggle_07_run1,single,How can I simplify (1 + 1/2) / (1 - 3/4)? ,"Let's start by simplifying the numerator and the denominator separately. What is the result of 1 + 1/2, and what is the result of 1 - 3/4?",False,0,SingleAgent,neutral,,,,,,,,,,,
2,struggle_07_run1,single,"I don’t know, and I’m having headaches now.","I hear that you are feeling a headache, so let's pause the math for a moment and take a deep breath. When you are ready, we can try breaking the problem into even smaller steps, starting with just finding a common denominator for the top part: 1 + 1/2.",False,0,SingleAgent,neutral,,,,,,,,,,,
3,struggle_07_run1,single,"Fine, the result is (1/2)/(3/4). ","It looks like there was a small mix-up in the previous step: the numerator 1 + 1/2 actually equals 3/2, not 1/2. Can you try rewriting the full expression with the correct numerator and denominator before we move to the division step?",False,0,SingleAgent,neutral,,,,,,,,,,,
4,struggle_07_run1,single,"Because I simplified the fraction, so 1/2 remains as numerator and 3/4 remains as denominator.","It seems there is a misunderstanding: 1 + 1/2 is not 1/2, but rather 3/2, because you must add the whole number 1 to the fraction. Can you try rewriting the top part as 3/2 and the bottom part as 1/4, and then tell me what the new expression looks like?",False,0,SingleAgent,neutral,,,,,,,,,,,
5,struggle_07_run1,single,But I should start with the division or multiplication.,"You are correct that division is the final operation, but we must first simplify the top and bottom parts before dividing. Can you confirm the simplified value of the top part (1 + 1/2) and the bottom part (1 - 3/4) so we can set up the division correctly?",False,0,SingleAgent,neutral,,,,,,,,,,,
6,struggle_07_run1,single,"OK, then parentheses first. Every time you tell me a new rule, annoying.","I understand that reviewing rules can feel repetitive, but getting the values inside the parentheses right is the only way to solve this correctly. You mentioned the top part is 1 + 1/2; can you tell me exactly what number that equals before we look at the bottom part?",False,0,SingleAgent,neutral,,,,,,,,,,,
7,struggle_07_run1,single,"1 + 1/2 = 3/2, 1 - 3/4 = 1/4","Great, you have correctly simplified both the numerator to 3/2 and the denominator to 1/4. Now, how would you set up the division of these two fractions to find the final answer?",False,0,SingleAgent,neutral,,,,,,,,,,,
8,struggle_07_run1,single,So the final answer is (3/2)/(1/4),"You have correctly set up the division as (3/2) divided by (1/4). To proceed, what is the rule for dividing by a fraction, and how would you rewrite this expression as a multiplication problem?",False,0,SingleAgent,neutral,,,,,,,,,,,
9,struggle_07_run1,single,Not yet? But the numerator and denominator are clear now. ,"You are right that the parts are clear, but the problem asks you to simplify the entire expression, not just identify the parts. Since you have 3/2 divided by 1/4, what is the rule for dividing by a fraction, and how can you rewrite this as a multiplication problem?",False,0,SingleAgent,happy,,,,,,,,,,,
10,struggle_07_run1,single,"So now I have to simplify (3/2)/(1/4), what to do first?","To divide by a fraction, you multiply by its reciprocal. Can you identify the reciprocal of 1/4 and rewrite the expression as a multiplication problem?",False,0,SingleAgent,neutral,,,,,,,,,,,
11,struggle_07_run1,single,"Rewrite it to multiplication, so 3/2 * 1/4","You are close, but remember that when you divide by a fraction, you must multiply by its reciprocal. The reciprocal of 1/4 is 4/1, not 1/4. Can you rewrite the expression using the correct reciprocal?",False,0,SingleAgent,neutral,,,,,,,,,,,
12,struggle_07_run1,single,"Multiplication with the reciprocal, 2/3 * 4 = 8/3, the answer is 8/3","You correctly identified the rule to multiply by the reciprocal, but you used the reciprocal of the first fraction (3/2) instead of the second one (1/4). Can you identify the correct reciprocal of 1/4 and rewrite the multiplication expression again?",False,0,SingleAgent,neutral,,,,,,,,,,,
13,struggle_07_run1,single,Only flip the second fraction not both? 3/2 * 4 instead?,"Yes, exactly! You only flip the second fraction. So, rewrite the expression as 3/2 multiplied by 4/1, and then perform the multiplication.",False,0,SingleAgent,neutral,,,,,,,,,,,
14,struggle_07_run1,single,"3/2 * 4 = 12/2, the answer is 12/2","You have correctly set up the multiplication as 3/2 times 4, which gives 12/2. Now, what is the final step to simplify the fraction 12/2 to its lowest terms?",False,0,SingleAgent,neutral,,,,,,,,,,,
15,struggle_07_run1,single,"Simplify? Ah, okay. 12/2 = 6, the final answer is 6","You have correctly simplified 12/2 to 6. Since the original problem was to divide 3/2 by 1/4, and you have now reached the final numerical result of 6, the problem is solved. Well done!",True,0,SingleAgent,neutral,,,,,,,,,,,
16,struggle_07_run1,single,I had to start with the calculations inside of the parentheses first.,That's a great observation about the order of operations. Can you explain how recognizing the need to handle the parentheses first helped you choose the strategy of flipping the second fraction?,True,1,SingleAgent,neutral,,,,,,,,,,,
17,struggle_07_run1,single,I only needed to flip the second fraction when rewriting fraction division to multiplication.,"You are correct that flipping the second fraction is the specific step for converting division into multiplication. Since you have successfully applied this strategy and reached the final answer of 6, you have mastered this problem. Great work on connecting the rule to the calculation!",True,2,SingleAgent,neutral,,,,,,,,,,,
1,struggle_08_run1,single,How do I solve (a + 4)/3 - (a - 2)/2 = 1?,"To eliminate the fractions in this equation, what is the smallest number that both 3 and 2 divide into evenly, and how would you use it to simplify the entire equation?",False,0,SingleAgent,neutral,,,,,,,,,,,
2,struggle_08_run1,single,"I move the numbers to the right side of the equation and keep the variable on the left side, (a + 4) - (a - 2) =1 - 1/3 + 1/2","It looks like you tried to move terms around, but the standard way to handle fractions is to multiply every single term on both sides by the common denominator, which is 6. If you multiply the entire equation by 6, what do you think the first term, 6 times (a + 4)/3, simplifies to?",False,0,SingleAgent,neutral,,,,,,,,,,,
3,struggle_08_run1,single,"Not again! I followed the rules. Wait, so I need to start from the parentheses first? Then (a + 4)/3 = a/3 + 4/3, (a - 2)/ 2 = a/2 - 2/2, so the equation becomes a/3 + 4/3 - a/2 - 2/2 = 1","You correctly expanded the fractions, but notice the sign in front of the second term: since you are subtracting the entire expression (a - 2)/2, the result should be -a/2 + 1, not -a/2 - 1. Can you rewrite the equation with this corrected sign and then combine the constant terms on the left side?",False,0,SingleAgent,neutral,,,,,,,,,,,
4,struggle_08_run1,single,"Then I can move the variables on the left side, a/3 - a/2 = 1 - 4/3 + 2/2 = -4/3","You correctly moved the variable terms to the left, but let's double-check the constant terms on the right side. You wrote 1 - 4/3 + 2/2, but remember that 2/2 equals 1, so you are calculating 1 - 4/3 + 1. What is the result of combining these constants?",False,0,SingleAgent,neutral,,,,,,,,,,,
5,struggle_08_run1,single,"Finding common denominator first? I want to have a cake now, or candy. Anything sweet. ","I hear you, and a sweet treat sounds like a great reward once we finish this! To get there, let's focus on combining those constants on the right side: what is 1 minus 4/3 plus 1 when you use a common denominator of 3?",False,0,SingleAgent,neutral,,,,,,,,,,,
6,struggle_08_run1,single,"Common denominator, what is it again? To flip the fraction?","No, flipping a fraction is actually called taking the reciprocal, which is different from finding a common denominator. To find a common denominator, we look for a number that both bottom numbers (like 3 and 2) can divide into evenly, such as 6. Can you think of a number that both 3 and 2 go into without a remainder?",False,0,SingleAgent,neutral,,,,,,,,,,,
7,struggle_08_run1,single,"So the number can be divided by 2 and 3, I see, 12 is the common denominator. ","That's a great observation that 12 works, but let's check if there is a smaller number that both 2 and 3 divide into evenly to keep our numbers simpler. Can you think of a smaller number than 12 that both 2 and 3 go into without a remainder?",False,0,SingleAgent,neutral,,,,,,,,,,,
8,struggle_08_run1,single,"Why I have to find another one? 12 works, right?","You are absolutely right that 12 works as a common denominator, so you don't have to find another one if you prefer it. However, using the smallest common denominator, which is 6, usually keeps the numbers smaller and the math easier. Would you like to try converting the fractions to have a denominator of 6 instead, or shall we proceed with 12?",False,0,SingleAgent,neutral,,,,,,,,,,,
9,struggle_08_run1,single,Then 6. And the equation can be written as 2(a + 4)/6 - 3(a - 2)/6 = 1,"You have correctly set up the equation with the common denominator of 6. Now, since both terms on the left side share this denominator, what happens if you multiply the entire equation by 6 to eliminate the fractions?",False,0,SingleAgent,neutral,,,,,,,,,,,
10,struggle_08_run1,single,1 needs to be written as a fraction with 6 as denominator too? I don’t get it. 1 is a whole number. ,"You are right that 1 is a whole number, but to multiply the entire equation by 6 and clear the fractions, we must treat every term as a fraction. Can you think of how to write the whole number 1 as a fraction that has 6 as its denominator?",False,0,SingleAgent,neutral,,,,,,,,,,,
11,struggle_08_run1,single,"You mean 2(a + 4)/6 - 3(a - 2)/6 = 6/6, correct? Ah, so I can solve this equation instead, 2(a + 4) - 3(a - 2) = 6","Yes, you have correctly transformed the equation by multiplying every term by 6, which gives you 2(a + 4) - 3(a - 2) = 6. Now, what is the first step to simplify the left side by expanding the parentheses?",False,0,SingleAgent,neutral,,,,,,,,,,,
12,struggle_08_run1,single,Then I divide 3 and 2 on the both sides and then can move the numbers to the right side. ,"Before dividing, we need to simplify the left side by expanding the parentheses first. Can you show me what 2(a + 4) and -3(a - 2) become when you distribute the numbers outside the brackets?",False,0,SingleAgent,neutral,,,,,,,,,,,
13,struggle_08_run1,single,I should expand the terms inside parentheses instead? You mean to do something like 2(a + 4) = 2a + 8 and 3(a - 2) = 3a - 6,"You are very close, but notice the sign in your second expansion: when you distribute -3 into (a - 2), the result should be -3a + 6, not 3a - 6. Can you rewrite the full left side of the equation with the correct signs for both parts?",False,0,SingleAgent,neutral,,,,,,,,,,,
14,struggle_08_run1,single,"So the left side is 2a + 8 - 3a -6, the equation is 2a + 8 - 3a -6 = 6, then I can move the numbers to the right side and keep the variables on the left side. ","You have correctly set up the equation 2a + 8 - 3a - 6 = 6, but remember that when you distribute -3 into (a - 2), the result is -3a + 6, not -3a - 6. Can you rewrite the left side with the correct sign for the constant term and then combine the like terms?",False,0,SingleAgent,neutral,,,,,,,,,,,
15,struggle_08_run1,single,"Negative? That’s annoying, that’s why I hate math, there  2a + 8 - 3a + 6 = 6","I understand that signs can be frustrating, but you actually corrected the mistake in your latest expression! Now that you have 2a + 8 - 3a + 6 = 6, can you combine the 'a' terms and the constant numbers on the left side to simplify the equation further?",False,0,SingleAgent,neutral,,,,,,,,,,,
16,struggle_08_run1,single,Then I subtract 6 and 8 on the both sides 2a - 3a = -8,"You correctly combined the variable terms to get -a, but let's check the constants: you have +8 and +6 on the left side. If you want to move them to the right side to isolate the variable, what happens to their signs when you subtract them from both sides?",False,0,SingleAgent,neutral,,,,,,,,,,,
17,struggle_08_run1,single,"Left side of the equation is -a, -a = -8, hence the answer is 8","You correctly found that -a equals -8, but remember that the variable is negative. What operation do you need to perform on both sides to turn -a into positive a?",False,0,SingleAgent,neutral,,,,,,,,,,,
18,struggle_08_run1,single,Finding the common denominator should be the first step of this problem.,"That step is typically used for equations with fractions, but our current equation -a = -8 contains only whole numbers. Since we have already isolated the variable term, what operation can you perform on both sides to change -a into positive a?",False,0,SingleAgent,neutral,,,,,,,,,,,
19,struggle_08_run1,single,The whole number 1 should be considered as 6/6 in this question for simplifying expression.,"That approach is for adding or subtracting fractions, but we are currently solving an equation where -a equals -8. Since there are no fractions in this specific step, what operation can you perform on both sides to change -a into positive a?",False,0,SingleAgent,neutral,,,,,,,,,,,
1,struggle_09_run1,single,How to solve the following question: (2x - 1)/3 - (x + 3)/4 = (x + 1)/6 + 1/2?,"To simplify this equation, what is the smallest number that 3, 4, 6, and 2 all divide into evenly, and how would you use it to eliminate the fractions?",False,0,SingleAgent,neutral,,,,,,,,,,,
2,struggle_09_run1,single,"I need to move (x + 1)/6 to the left side of the equation, (2x - 1)/3 - (x + 3)/4 - (x + 1)/6 = 1/2","You have correctly moved the term to the left side, but the most efficient way to solve this is to eliminate all fractions at once. Can you identify the smallest number that 3, 4, 6, and 2 all divide into evenly, and what would happen if you multiplied every single term in the equation by that number?",False,0,SingleAgent,neutral,,,,,,,,,,,
3,struggle_09_run1,single,"Then I move the fractions to the right side, 2x - x - x = 1/2 + 1/3 + 1/4 + 1/6. Then I get 0x, so x = 0","It looks like you moved the variable terms to one side and the constants to the other, but you may have missed multiplying the variable terms by the common denominator when clearing the fractions. If you multiply the entire original equation by 12, what do you get for the term 12 times (2x - 1)/3?",False,0,SingleAgent,neutral,,,,,,,,,,,
4,struggle_09_run1,single,"Finding common denominator, huh, then the common denominator of 3 and 6 is 6, so I can rewrite (2x - 1)/3 to 2(2x - 1)/6. ","You correctly identified that 6 is a common denominator for 3 and 6, but remember that the equation also contains terms with denominators of 4 and 2. If you only use 6, what happens to the fractions with 4 and 2 when you try to combine them?",False,0,SingleAgent,neutral,,,,,,,,,,,
5,struggle_09_run1,single,"I need to find a common denominator for 3, 4, 6 and 2 instead? But 1/2 is a fraction already, I don’t need to find a common denominator for it.","You are right that 1/2 is already a fraction, but to clear all fractions at once, we need a single number that 3, 4, 6, and 2 all divide into evenly. Can you check if 6 works for the denominator 4, and if not, what is the smallest number that works for all four denominators?",False,0,SingleAgent,neutral,,,,,,,,,,,
6,struggle_09_run1,single,"I see. Then find a common denominator. 3, 2 and 6 have the common denominator 6, but 4 can’t fit in.","You are correct that 6 does not work for the denominator 4. Since 4 does not divide evenly into 6, what is the smallest number that both 4 and 6 divide into evenly, which would also work for 2 and 3?",False,0,SingleAgent,neutral,,,,,,,,,,,
7,struggle_09_run1,single,"Then the common denominator is 10, because 4 + 6 = 10.","Adding the numbers 4 and 6 gives 10, but a common denominator must be a number that both 4 and 6 divide into evenly, not their sum. Can you list the multiples of 4 and 6 to find the smallest number that appears in both lists?",False,0,SingleAgent,neutral,,,,,,,,,,,
8,struggle_09_run1,single,"Yes, you’re right, division not addition. Then the common denominator is 12. Then the equation is 4(2x - 1)/12 - 3(x + 3)/12 = 2(x + 1)/12 + 6/12, then 4(2x - 1) - 3(x + 3) = 2(x + 1) + 6","You have correctly identified the common denominator and set up the equation with the fractions cleared. Now, let's focus on expanding the terms: what is the result of distributing the 4 into (2x - 1) and the -3 into (x + 3)?",False,0,SingleAgent,neutral,,,,,,,,,,,
9,struggle_09_run1,single,"Then distribute numbers inside the parentheses: 8x - 1 - 3x + 9 = 2x + 2 + 6, move the numbers to one side and variables to another: 8x - 3x -2x = 2 + 6 + 1 - 9","You have correctly grouped the variable terms on the left, but let's double-check the signs when moving terms across the equals sign. Specifically, when you moved the -1 from the left side to the right side, did it become positive or stay negative?",False,0,SingleAgent,neutral,,,,,,,,,,,
10,struggle_09_run1,single,The distribution is wrong? You must be joking. I did it correctly this time. Check it again.,"Let's verify the distribution step carefully: when you multiply 4 by (2x - 1), do you get 8x - 1 or 8x - 4? Similarly, what is the result of multiplying -3 by (x + 3)?",False,0,SingleAgent,neutral,,,,,,,,,,,
11,struggle_09_run1,single,"Negative was not distributed. Fine. Then 8x - 1 - 3x - 9 = 2x + 2 + 6, correct?","You correctly fixed the distribution of the negative sign, but let's double-check the first term again: when you multiply 4 by (2x - 1), does the -1 become -1 or -4? Once you confirm that, we can proceed with combining the like terms.",False,0,SingleAgent,neutral,,,,,,,,,,,
12,struggle_09_run1,single,"4 is not distributed correctly? 4(2x - 1) = 8x - 4, I see. Then 8x - 4 - 3x - 9 = 2x + 2 + 6","Good, you have corrected the distribution. Now, look at the right side of your equation: 2x + 2 + 6. Did you correctly move the constant term from the left side to the right, and what sign should it have?",False,0,SingleAgent,neutral,,,,,,,,,,,
13,struggle_09_run1,single,"Then continue with the moving the numbers and variables to the two sides, 8x - 3x - 2x = 2 + 6 + 4 + 9, I’ll quit if you keep adding additional calculation rules. ","You have correctly grouped the variable terms and constants on each side. Before we combine them, can you confirm that the signs for the numbers 4 and 9 are correct on the right side, given that you moved them from the left?",False,0,SingleAgent,neutral,,,,,,,,,,,
14,struggle_09_run1,single,"Then on the left side: 8x - 3x - 2x = 3x and right side: 2 + 6 + 4 + 9 = 18, 3x = 18, the answer is 6","You have correctly grouped the terms, but let's verify the original equation before accepting the final answer. Can you check if the term -3x on the left side was actually part of the original problem, or if it came from a fraction that needed a common denominator first?",False,0,SingleAgent,neutral,,,,,,,,,,,
15,struggle_09_run1,single,"Wrong calculation on right side? You kidding? 2 + 6 = 8, and 4 + 9 = 13, 8 + 13 = 21. Okay right side is 21 ","You are correct that 2 + 6 + 4 + 9 equals 21, so the right side is indeed 21. However, let's revisit the left side where you combined 8x - 3x - 2x. Can you confirm if the -3x and -2x terms were correctly identified from the original equation, or if they might have been part of a fraction that required a common denominator first?",False,0,SingleAgent,neutral,,,,,,,,,,,
16,struggle_09_run1,single,"Then I get 3x = 21, x = 7, the answer is 7","You have correctly solved for x, but let's pause before finalizing. Can you look back at the very first step where you mentioned that 4 'can't fit in' when finding a common denominator? How did you handle the term with the 4 in the original equation before you started combining numbers?",False,0,SingleAgent,neutral,,,,,,,,,,,
17,struggle_09_run1,single,The first step is to find the common denominator for the all the fractions in the equation.,"That is the correct strategy. Before we find that common denominator, can you identify exactly which terms in the original equation are fractions and which are whole numbers or variables?",False,0,SingleAgent,neutral,,,,,,,,,,,
18,struggle_09_run1,single,"(2 * 7 - 1)/3 - (7 + 3)/4 = 13/3 - 10/4 = 52/12 - 30/12 = 22/12, (7 + 1)/6 + 1/2 = 8/6 + 1/2 = 16/12 + 6/12 = 22/12, 7 is the correct answer to the equation.","You have correctly verified that both sides of the equation equal 22/12 when x is 7, which confirms your solution is accurate. Since you have successfully checked your work and found a consistent value for x, the problem is solved. Well done on completing the verification step.",True,0,SingleAgent,neutral,,,,,,,,,,,
1,struggle_10_run1,single,"I need help with solving 16^(x-2) = (1/8)^(2x + 1). I multiply 1/16 on both sides of the equation to cancel 16 fist then get x - 2 = (1/8)^(2x + 1) * 1/16, right?","Multiplying by 1/16 does not cancel the exponent on the left side, so that step is incorrect. Instead, consider how you can rewrite both 16 and 1/8 as powers of the same base number to compare the exponents directly.",False,0,SingleAgent,neutral,,,,,,,,,,,
2,struggle_10_run1,single,"Wait, it can solve the problem, see, then I multiply 8 on both sides to cancel 1/8, 8(x -2) = (2x + 1) * 1/16 * 8, 8x -16 = 1/2(2x + 1), 7x = 16 + 1/2, so the x = 33/14","You are treating the exponents as if they were simple multipliers that can be canceled by multiplying both sides by the base, but exponents work differently. Since 16 and 8 are both powers of 2, try rewriting the entire equation using base 2 so you can compare the exponents directly. What would 16 and 1/8 look like if written as powers of 2?",False,0,SingleAgent,neutral,,,,,,,,,,,
3,struggle_10_run1,single,"I followed the rules, I multiplied same numbers on the both sides of the equation. And it’s not right?","You are correct that you can multiply both sides by the same number, but that rule does not apply to exponents. The expression 16^(x-2) is not the same as 16 multiplied by (x-2), so multiplying by 8 does not cancel the exponent. Can you try rewriting 16 and 1/8 as powers of 2 to see how the exponents relate?",False,0,SingleAgent,neutral,,,,,,,,,,,
4,struggle_10_run1,single,To rewrite the 16 and 1/8 to the same number? 16 = 8 * (16)/8. 16 and 1/8 are not the same.,"You are right that 16 and 1/8 are not the same number, but the goal is to express them as powers of the same base, specifically 2. Can you tell me what power of 2 equals 16, and what power of 2 equals 1/8?",False,0,SingleAgent,neutral,,,,,,,,,,,
5,struggle_10_run1,single,The base number for exponent. For instance?,"You are on the right track thinking about a common base. Since 2 multiplied by itself 4 times equals 16, what exponent would you write for 16? Similarly, since 2 multiplied by itself 3 times equals 8, what exponent represents 1/8?",False,0,SingleAgent,neutral,,,,,,,,,,,
6,struggle_10_run1,single,"4 = 2^2, I see. Then 16 = 2^8, and 1/8 = 1/(2^4). ","You are close, but let's check those powers again: 2 to the power of 4 is 16, not 2 to the power of 8. Also, since 1/8 is the reciprocal of 8, and 8 is 2 cubed, what exponent should you use for 1/8? Try rewriting both 16 and 1/8 as powers of 2 with the correct exponents.",False,0,SingleAgent,neutral,,,,,,,,,,,
7,struggle_10_run1,single,That’s frustrating. I don’t want to continue. Just give me the final answer and I can finish my assignments. ,"I understand this is frustrating, but giving you the answer won't help you learn or finish your assignments on your own. Let's take a small step back: can you tell me what 2 to the power of 4 equals, and what 2 to the power of -3 equals?",False,0,SingleAgent,neutral,,,,,,,,,,,
8,struggle_10_run1,single,"16 = 2 * 8 = 2 * 2 * 4 = 2 * 2 * 2 * 2 = 2^4, and 8 = 2 * 2 * 2 = 2^3","Great work breaking down 16 and 8 into powers of 2. Now, since 1/8 is the reciprocal of 8, how can you express 1/8 using a negative exponent with base 2?",False,0,SingleAgent,neutral,,,,,,,,,,,
9,struggle_10_run1,single,"So 2^4(x-2) = (1/(2^3))^(2x + 1), what should I do next?","You have correctly rewritten the terms with base 2. Now, recall that 1 over 2 to the power of 3 is the same as 2 to the power of negative 3. Can you rewrite the right side of your equation using only base 2 with a single exponent?",False,0,SingleAgent,neutral,,,,,,,,,,,
10,struggle_10_run1,single,"Negative exponent, 1/8 = 8^(-1) = 2^(-3), then the equation is 2^4(x-2) = 2^(-3(2x + 1))","You have successfully rewritten both sides with the same base, which is a great step. Since the bases are now equal, what must be true about the exponents on the left and right sides of the equation?",False,0,SingleAgent,neutral,,,,,,,,,,,
11,struggle_10_run1,single,Then I can finally cancel 2s on the both sides of the equation. So I get 4(x - 2) = -3(2x + 1),"You have correctly set the exponents equal to each other. Now, can you expand the parentheses on both sides of the equation 4(x - 2) = -3(2x + 1) by distributing the numbers outside?",False,0,SingleAgent,neutral,,,,,,,,,,,
12,struggle_10_run1,single,"Then 4x - 8 = -6 + 3, move the numerics to the right side 4x = -6 + 3 + 8","You correctly distributed the 4 on the left side, but there is a sign error when distributing the -3 on the right side. What is the result of -3 multiplied by +1, and how does that change the right side of your equation?",False,0,SingleAgent,neutral,,,,,,,,,,,
13,struggle_10_run1,single,"Mistake on distribution? 4(x -2) = 4x - 8, correct?","Yes, 4(x - 2) correctly expands to 4x - 8. Now, let's look at the right side: what is the result of distributing -3 into (2x + 1), specifically what is -3 multiplied by +1?",False,0,SingleAgent,neutral,,,,,,,,,,,
14,struggle_10_run1,single,"-3(2x + 1) = -6x - 3, so 4x - 8 = -6x - 3","Good, you have correctly expanded both sides to get 4x - 8 = -6x - 3. Now, how can you rearrange this equation to group all the x terms on one side and the constant numbers on the other?",False,0,SingleAgent,neutral,,,,,,,,,,,
15,struggle_10_run1,single,Now finally solve the equation: 4x + 6x = -3 + 8,"You have correctly grouped the x terms and constants on opposite sides. Now, what is the sum of 4x and 6x, and what is the result of adding -3 and 8?",False,0,SingleAgent,neutral,,,,,,,,,,,
16,struggle_10_run1,single,"Then I get 10x = -5, the answer is -1/2","You have correctly simplified the equation to 10x = 5, but you wrote -5 on the right side; can you double-check the sum of -3 and 8?",False,0,SingleAgent,neutral,,,,,,,,,,,
17,struggle_10_run1,single,"Sure, another mistake. It’s exhausting to solve this problem. ","I understand this feels frustrating, but you are very close. Let's pause and look just at the right side: when you add -3 and 8, does the result become positive or negative, and what is that specific number?",False,0,SingleAgent,neutral,,,,,,,,,,,
18,struggle_10_run1,single,"Let’s see, 4x + 6x = 10x, and -3 + 8 = 5, so I get x = 5/10 = 1/2. The final answer is 1/2","You have correctly simplified the equation to 10x = 5. To find the final value of x, what operation must you perform on both sides of the equation to isolate the variable?",False,0,SingleAgent,neutral,,,,,,,,,,,
19,struggle_10_run1,single,I cannot simply cancel the numbers with exponents.,"It seems there is a misunderstanding about the operation needed here. Since you have 10x = 5, what operation should you perform on both sides to isolate x without using exponents?",False,0,SingleAgent,neutral,,,,,,,,,,,
20,struggle_10_run1,single,2^8 is different from 2*8. Because 2^8 means the multiplication of 2 for 8 times.,"You are correct that exponents and multiplication are different, but our current equation is 10x = 5, which involves simple multiplication, not exponents. To isolate x, what operation is the opposite of multiplying by 10 that we can apply to both sides?",False,0,SingleAgent,neutral,,,,,,,,,,,
